Year,Period,Trade Flow,Reporter,Reporter ISO,Partner,Customs,Mode of Transport,Commodity Code,Commodity,Trade_value,FOB Trade Value (US$)
2017,2017,X,Albania,ALB,World,All CPCs,All MOTs,TOTAL,All Commodities,2301340965 ,2301340966
2017,2017,X,Algeria,DZA,World,All CPCs,All MOTs,TOTAL,All Commodities,35191117416 ,35191117416
2017,2017,X,Andorra,AND,World,All CPCs,All MOTs,TOTAL,All Commodities,117965611 ,117965611.8
2017,2017,X,Angola,AGO,World,All CPCs,All MOTs,TOTAL,All Commodities,34904881109 ,34904881109
2017,2017,X,Antigua and Barbuda,ATG,World,All CPCs,All MOTs,TOTAL,All Commodities,62390602 ,62390602.71
2017,2017,X,Azerbaijan,AZE,World,All CPCs,All MOTs,TOTAL,All Commodities,15306018304 ,15306018304
2017,2017,X,Argentina,ARG,World,All CPCs,All MOTs,TOTAL,All Commodities,58384194969 ,58384194969
2017,2017,X,Australia,AUS,World,All CPCs,All MOTs,TOTAL,All Commodities,230000000000 ,2.30E+11
2018,2018,X,Afghanistan,AFG,World,All CPCs,All MOTs,TOTAL,All Commodities,884504496 ,884504496.4
2018,2018,X,Albania,ALB,World,All CPCs,All MOTs,TOTAL,All Commodities,2875859778 ,2875859779
2018,2018,X,Andorra,AND,World,All CPCs,All MOTs,TOTAL,All Commodities,129448151 ,129448151
2018,2018,X,Angola,AGO,World,All CPCs,All MOTs,TOTAL,All Commodities,42096736310 ,42096736311
2018,2018,X,Antigua and Barbuda,ATG,World,All CPCs,All MOTs,TOTAL,All Commodities,25841081 ,25841081.56
2018,2018,X,Azerbaijan,AZE,World,All CPCs,All MOTs,TOTAL,All Commodities,19489068203 ,19489068204
2018,2018,X,Argentina,ARG,World,All CPCs,All MOTs,TOTAL,All Commodities,61558357420 ,61558357421
2018,2018,X,Australia,AUS,World,All CPCs,All MOTs,TOTAL,All Commodities,253000000000 ,2.53E+11
2017,2017,X,Austria,AUT,World,All CPCs,All MOTs,TOTAL,All Commodities,160000000000 ,1.60E+11
2018,2018,X,Austria,AUT,World,All CPCs,All MOTs,TOTAL,All Commodities,177000000000 ,1.77E+11
2017,2017,X,Bahamas,BHS,World,All CPCs,All MOTs,TOTAL,All Commodities,473322277 ,473322277.1
2017,2017,X,Bahrain,BHR,World,All CPCs,All MOTs,TOTAL,All Commodities,12485359226 ,12485359227
2017,2017,X,Armenia,ARM,World,All CPCs,All MOTs,TOTAL,All Commodities,2144962969 ,2144962970
2017,2017,X,Barbados,BRB,World,All CPCs,All MOTs,TOTAL,All Commodities,485387947 ,485387947.5
2017,2017,X,Belgium,BEL,World,All CPCs,All MOTs,TOTAL,All Commodities,430000000000 ,4.30E+11
2018,2018,X,Bahamas,BHS,World,All CPCs,All MOTs,TOTAL,All Commodities,524192922 ,524192922.2
2018,2018,X,Bahrain,BHR,World,All CPCs,All MOTs,TOTAL,All Commodities,14347737494 ,14347737494
2018,2018,X,Armenia,ARM,World,All CPCs,All MOTs,TOTAL,All Commodities,2381707084 ,2381707085
2018,2018,X,Barbados,BRB,World,All CPCs,All MOTs,TOTAL,All Commodities,457709750 ,457709750.5
2018,2018,X,Belgium,BEL,World,All CPCs,All MOTs,TOTAL,All Commodities,469000000000 ,4.69E+11
2017,2017,X,Bermuda,BMU,World,All CPCs,All MOTs,TOTAL,All Commodities,11742165 ,11742165.67
2017,2017,X,Bolivia (Plurinational State of),BOL,World,All CPCs,All MOTs,TOTAL,All Commodities,8338057378 ,8338057379
2017,2017,X,Bosnia Herzegovina,BIH,World,All CPCs,All MOTs,TOTAL,All Commodities,6367922271 ,6367922272
2017,2017,X,Botswana,BWA,World,All CPCs,All MOTs,TOTAL,All Commodities,5954788785 ,5954788786
2017,2017,X,Brazil,BRA,World,All CPCs,All MOTs,TOTAL,All Commodities,218000000000 ,2.18E+11
2017,2017,X,Belize,BLZ,World,All CPCs,All MOTs,TOTAL,All Commodities,277584960 ,277584960.1
2017,2017,X,Solomon Isds,SLB,World,All CPCs,All MOTs,TOTAL,All Commodities,499714683 ,499714683.5
2017,2017,X,Brunei Darussalam,BRN,World,All CPCs,All MOTs,TOTAL,All Commodities,5570575213 ,5570575214
2018,2018,X,Bermuda,BMU,World,All CPCs,All MOTs,TOTAL,All Commodities,22912424 ,22912424.54
2018,2018,X,Bolivia (Plurinational State of),BOL,World,All CPCs,All MOTs,TOTAL,All Commodities,9064737435 ,9064737435
2018,2018,X,Bosnia Herzegovina,BIH,World,All CPCs,All MOTs,TOTAL,All Commodities,7182096317 ,7182096318
2018,2018,X,Botswana,BWA,World,All CPCs,All MOTs,TOTAL,All Commodities,6122376817 ,6122376818
2018,2018,X,Brazil,BRA,World,All CPCs,All MOTs,TOTAL,All Commodities,240000000000 ,2.40E+11
2018,2018,X,Belize,BLZ,World,All CPCs,All MOTs,TOTAL,All Commodities,243303973 ,243303973.2
2018,2018,X,Solomon Isds,SLB,World,All CPCs,All MOTs,TOTAL,All Commodities,569112008 ,569112008.5
2018,2018,X,Brunei Darussalam,BRN,World,All CPCs,All MOTs,TOTAL,All Commodities,6573636942 ,6573636943
2017,2017,X,Bulgaria,BGR,World,All CPCs,All MOTs,TOTAL,All Commodities,31588418276 ,31588418276
2017,2017,X,Myanmar,MMR,World,All CPCs,All MOTs,TOTAL,All Commodities,13878764485 ,13878764485
2017,2017,X,Burundi,BDI,World,All CPCs,All MOTs,TOTAL,All Commodities,149406437 ,149406437.5
2017,2017,X,Belarus,BLR,World,All CPCs,All MOTs,TOTAL,All Commodities,29239993900 ,29239993900
2017,2017,X,Cambodia,KHM,World,All CPCs,All MOTs,TOTAL,All Commodities,11278127964 ,11278127964
2017,2017,X,Cameroon,CMR,World,All CPCs,All MOTs,TOTAL,All Commodities,3264185171 ,3264185172
2018,2018,X,Bulgaria,BGR,World,All CPCs,All MOTs,TOTAL,All Commodities,33787143989 ,33787143990
2018,2018,X,Myanmar,MMR,World,All CPCs,All MOTs,TOTAL,All Commodities,16694858193 ,16694858193
2018,2018,X,Burundi,BDI,World,All CPCs,All MOTs,TOTAL,All Commodities,169071156 ,169071156.8
2018,2018,X,Belarus,BLR,World,All CPCs,All MOTs,TOTAL,All Commodities,33726141400 ,33726141400
2018,2018,X,Cambodia,KHM,World,All CPCs,All MOTs,TOTAL,All Commodities,12700279675 ,12700279676
2017,2017,X,Canada,CAN,World,All CPCs,All MOTs,TOTAL,All Commodities,421000000000 ,4.21E+11
2017,2017,X,Cabo Verde,CPV,World,All CPCs,All MOTs,TOTAL,All Commodities,49935302 ,49935302.54
2017,2017,X,Central African Rep.,CAF,World,All CPCs,All MOTs,TOTAL,All Commodities,196990937 ,196990937.2
2017,2017,X,Sri Lanka,LKA,World,All CPCs,All MOTs,TOTAL,All Commodities,11741036786 ,11741036786
2018,2018,X,Canada,CAN,World,All CPCs,All MOTs,TOTAL,All Commodities,449000000000 ,4.49E+11
2018,2018,X,Cabo Verde,CPV,World,All CPCs,All MOTs,TOTAL,All Commodities,75270566 ,75270566.06
2018,2018,X,Central African Rep.,CAF,World,All CPCs,All MOTs,TOTAL,All Commodities,54264098 ,54264098
2017,2017,X,Chile,CHL,World,All CPCs,All MOTs,TOTAL,All Commodities,69229257332 ,69229257333
2017,2017,X,China,CHN,World,All CPCs,All MOTs,TOTAL,All Commodities,2260000000000 ,2.26E+12
2018,2018,X,Chile,CHL,World,All CPCs,All MOTs,TOTAL,All Commodities,75481713821 ,75481713822
2018,2018,X,China,CHN,World,All CPCs,All MOTs,TOTAL,All Commodities,2490000000000 ,2.49E+12
2017,2017,X,Colombia,COL,World,All CPCs,All MOTs,TOTAL,All Commodities,37766321060 ,37766321060
2017,2017,X,Comoros,COM,World,All CPCs,All MOTs,TOTAL,All Commodities,38411838 ,38411838.71
2017,2017,X,Congo,COG,World,All CPCs,All MOTs,TOTAL,All Commodities,8251984388 ,8251984388
2017,2017,X,Dem. Rep. of the Congo,COD,World,All CPCs,All MOTs,TOTAL,All Commodities,12295708443 ,12295708444
2017,2017,X,Costa Rica,CRI,World,All CPCs,All MOTs,TOTAL,All Commodities,11296640428 ,11296640429
2017,2017,X,Croatia,HRV,World,All CPCs,All MOTs,TOTAL,All Commodities,15770990558 ,15770990558
2017,2017,X,Cyprus,CYP,World,All CPCs,All MOTs,TOTAL,All Commodities,3360377370 ,3360377370
2018,2018,X,Colombia,COL,World,All CPCs,All MOTs,TOTAL,All Commodities,41831520220 ,41831520221
2018,2018,X,Comoros,COM,World,All CPCs,All MOTs,TOTAL,All Commodities,46214060 ,46214060.65
2018,2018,X,Congo,COG,World,All CPCs,All MOTs,TOTAL,All Commodities,11155029324 ,11155029325
2018,2018,X,Dem. Rep. of the Congo,COD,World,All CPCs,All MOTs,TOTAL,All Commodities,20004284687 ,20004284687
2018,2018,X,Costa Rica,CRI,World,All CPCs,All MOTs,TOTAL,All Commodities,11251781448 ,11251781448
2018,2018,X,Croatia,HRV,World,All CPCs,All MOTs,TOTAL,All Commodities,17210469290 ,17210469290
2018,2018,X,Cyprus,CYP,World,All CPCs,All MOTs,TOTAL,All Commodities,5065369407 ,5065369407
2017,2017,X,Czechia,CZE,World,All CPCs,All MOTs,TOTAL,All Commodities,182000000000 ,1.82E+11
2017,2017,X,Benin,BEN,World,All CPCs,All MOTs,TOTAL,All Commodities,726264608 ,726264608.7
2017,2017,X,Denmark,DNK,World,All CPCs,All MOTs,TOTAL,All Commodities,101000000000 ,1.01E+11
2017,2017,X,Dominican Rep.,DOM,World,All CPCs,All MOTs,TOTAL,All Commodities,8855644902 ,8855644902
2018,2018,X,Czechia,CZE,World,All CPCs,All MOTs,TOTAL,All Commodities,203000000000 ,2.03E+11
2018,2018,X,Benin,BEN,World,All CPCs,All MOTs,TOTAL,All Commodities,952223706 ,952223706.6
2018,2018,X,Denmark,DNK,World,All CPCs,All MOTs,TOTAL,All Commodities,109000000000 ,1.09E+11
2018,2018,X,Dominican Rep.,DOM,World,All CPCs,All MOTs,TOTAL,All Commodities,9395611281 ,9395611281
2017,2017,X,Ecuador,ECU,World,All CPCs,All MOTs,TOTAL,All Commodities,19092352242 ,19092352243
2017,2017,X,El Salvador,SLV,World,All CPCs,All MOTs,TOTAL,All Commodities,5760015207 ,5760015207
2017,2017,X,Ethiopia,ETH,World,All CPCs,All MOTs,TOTAL,All Commodities,2305900977 ,2305900978
2017,2017,X,Estonia,EST,World,All CPCs,All MOTs,TOTAL,All Commodities,15387735462 ,15387735463
2017,2017,X,Fiji,FJI,World,All CPCs,All MOTs,TOTAL,All Commodities,955613495 ,955613495.6
2017,2017,X,Finland,FIN,World,All CPCs,All MOTs,TOTAL,All Commodities,67280640848 ,67280640848
2018,2018,X,Ecuador,ECU,World,All CPCs,All MOTs,TOTAL,All Commodities,21606133822 ,21606133823
2018,2018,X,El Salvador,SLV,World,All CPCs,All MOTs,TOTAL,All Commodities,5904627045 ,5904627045
2018,2018,X,Ethiopia,ETH,World,All CPCs,All MOTs,TOTAL,All Commodities,1548554591 ,1548554592
2018,2018,X,Estonia,EST,World,All CPCs,All MOTs,TOTAL,All Commodities,17851477710 ,17851477711
2018,2018,X,Fiji,FJI,World,All CPCs,All MOTs,TOTAL,All Commodities,1041040355 ,1041040355
2018,2018,X,Finland,FIN,World,All CPCs,All MOTs,TOTAL,All Commodities,75258290459 ,75258290460
2017,2017,X,France,FRA,World,All CPCs,All MOTs,TOTAL,All Commodities,523000000000 ,5.23E+11
2018,2018,X,France,FRA,World,All CPCs,All MOTs,TOTAL,All Commodities,569000000000 ,5.69E+11
2017,2017,X,Georgia,GEO,World,All CPCs,All MOTs,TOTAL,All Commodities,2735770600 ,2735770601
2017,2017,X,Gambia,GMB,World,All CPCs,All MOTs,TOTAL,All Commodities,13807872 ,13807872
2017,2017,X,State of Palestine,PSE,World,All CPCs,All MOTs,TOTAL,All Commodities,1064884138 ,1064884139
2017,2017,X,Germany,DEU,World,All CPCs,All MOTs,TOTAL,All Commodities,1450000000000 ,1.45E+12
2018,2018,X,Georgia,GEO,World,All CPCs,All MOTs,TOTAL,All Commodities,3355704732 ,3355704733
2018,2018,X,Gambia,GMB,World,All CPCs,All MOTs,TOTAL,All Commodities,11428464 ,11428464.87
2018,2018,X,State of Palestine,PSE,World,All CPCs,All MOTs,TOTAL,All Commodities,1155634049 ,1155634050
2018,2018,X,Germany,DEU,World,All CPCs,All MOTs,TOTAL,All Commodities,1560000000000 ,1.56E+12
2017,2017,X,Ghana,GHA,World,All CPCs,All MOTs,TOTAL,All Commodities,14358509951 ,14358509952
2017,2017,X,Greece,GRC,World,All CPCs,All MOTs,TOTAL,All Commodities,32154816405 ,32154816406
2018,2018,X,Ghana,GHA,World,All CPCs,All MOTs,TOTAL,All Commodities,17099588399 ,17099588400
2018,2018,X,Greece,GRC,World,All CPCs,All MOTs,TOTAL,All Commodities,39490521437 ,39490521438
2017,2017,X,Greenland,GRL,World,All CPCs,All MOTs,TOTAL,All Commodities,595837190 ,595837190.2
2017,2017,X,Guatemala,GTM,World,All CPCs,All MOTs,TOTAL,All Commodities,11011391397 ,11011391397
2017,2017,X,Guyana,GUY,World,All CPCs,All MOTs,TOTAL,All Commodities,1789689907 ,1789689908
2017,2017,X,Honduras,HND,World,All CPCs,All MOTs,TOTAL,All Commodities,4970144395 ,4970144396
2017,2017,X,"China, Hong Kong SAR",HKG,World,All CPCs,All MOTs,TOTAL,All Commodities,550000000000 ,5.50E+11
2018,2018,X,Greenland,GRL,World,All CPCs,All MOTs,TOTAL,All Commodities,640897343 ,640897343.6
2018,2018,X,Guatemala,GTM,World,All CPCs,All MOTs,TOTAL,All Commodities,10863483936 ,10863483936
2018,2018,X,Guyana,GUY,World,All CPCs,All MOTs,TOTAL,All Commodities,1378691103 ,1378691104
2018,2018,X,Honduras,HND,World,All CPCs,All MOTs,TOTAL,All Commodities,4486630182 ,4486630182
2018,2018,X,"China, Hong Kong SAR",HKG,World,All CPCs,All MOTs,TOTAL,All Commodities,569000000000 ,5.69E+11
2017,2017,X,Hungary,HUN,World,All CPCs,All MOTs,TOTAL,All Commodities,113000000000 ,1.13E+11
2017,2017,X,Iceland,ISL,World,All CPCs,All MOTs,TOTAL,All Commodities,4882605885 ,4882605885
2017,2017,X,Indonesia,IDN,World,All CPCs,All MOTs,TOTAL,All Commodities,169000000000 ,1.69E+11
2017,2017,X,Iran,IRN,World,All CPCs,All MOTs,TOTAL,All Commodities,106000000000 ,1.06E+11
2018,2018,X,Hungary,HUN,World,All CPCs,All MOTs,TOTAL,All Commodities,124000000000 ,1.24E+11
2018,2018,X,Iceland,ISL,World,All CPCs,All MOTs,TOTAL,All Commodities,5561475841 ,5561475841
2018,2018,X,Indonesia,IDN,World,All CPCs,All MOTs,TOTAL,All Commodities,180000000000 ,1.80E+11
2018,2018,X,Iran,IRN,World,All CPCs,All MOTs,TOTAL,All Commodities,96617521276 ,96617521276
2017,2017,X,Ireland,IRL,World,All CPCs,All MOTs,TOTAL,All Commodities,138000000000 ,1.38E+11
2017,2017,X,Israel,ISR,World,All CPCs,All MOTs,TOTAL,All Commodities,61150141000 ,61150141000
2018,2018,X,Ireland,IRL,World,All CPCs,All MOTs,TOTAL,All Commodities,167000000000 ,1.67E+11
2018,2018,X,Israel,ISR,World,All CPCs,All MOTs,TOTAL,All Commodities,61906412000 ,61906412000
2017,2017,X,Italy,ITA,World,All CPCs,All MOTs,TOTAL,All Commodities,503000000000 ,5.03E+11
2018,2018,X,Italy,ITA,World,All CPCs,All MOTs,TOTAL,All Commodities,550000000000 ,5.50E+11
2017,2017,X,-lvory Coast,CIV,World,All CPCs,All MOTs,TOTAL,All Commodities,12445558550 ,12445558550
2017,2017,X,Jamaica,JAM,World,All CPCs,All MOTs,TOTAL,All Commodities,1309718443 ,1309718443
2017,2017,X,Japan,JPN,World,All CPCs,All MOTs,TOTAL,All Commodities,698000000000 ,6.98E+11
2017,2017,X,Kazakhstan,KAZ,World,All CPCs,All MOTs,TOTAL,All Commodities,48502738958 ,48502738958
2017,2017,X,Jordan,JOR,World,All CPCs,All MOTs,TOTAL,All Commodities,7469238450 ,7469238451
2018,2018,X,-lvory Coast,CIV,World,All CPCs,All MOTs,TOTAL,All Commodities,11820908494 ,11820908494
2018,2018,X,Jamaica,JAM,World,All CPCs,All MOTs,TOTAL,All Commodities,1878239268 ,1878239269
2018,2018,X,Japan,JPN,World,All CPCs,All MOTs,TOTAL,All Commodities,738000000000 ,7.38E+11
2018,2018,X,Kazakhstan,KAZ,World,All CPCs,All MOTs,TOTAL,All Commodities,61109053214 ,61109053214
2018,2018,X,Jordan,JOR,World,All CPCs,All MOTs,TOTAL,All Commodities,7750262862 ,7750262863
2017,2017,X,Kenya,KEN,World,All CPCs,All MOTs,TOTAL,All Commodities,5747414819 ,5747414820
2017,2017,X,Rep. of Korea,KOR,World,All CPCs,All MOTs,TOTAL,All Commodities,574000000000 ,5.74E+11
2017,2017,X,Kuwait,KWT,World,All CPCs,All MOTs,TOTAL,All Commodities,54991871282 ,54991871282
2017,2017,X,Kyrgyzstan,KGZ,World,All CPCs,All MOTs,TOTAL,All Commodities,1757463670 ,1757463670
2017,2017,X,Lao People's Dem. Rep.,LAO,World,All CPCs,All MOTs,TOTAL,All Commodities,4909733654 ,4909733655
2017,2017,X,Lebanon,LBN,World,All CPCs,All MOTs,TOTAL,All Commodities,2844446138 ,2844446138
2017,2017,X,Lesotho,LSO,World,All CPCs,All MOTs,TOTAL,All Commodities,673150837 ,673150837.7
2017,2017,X,Latvia,LVA,World,All CPCs,All MOTs,TOTAL,All Commodities,13189947231 ,13189947231
2018,2018,X,Kenya,KEN,World,All CPCs,All MOTs,TOTAL,All Commodities,6050420682 ,6050420682
2018,2018,X,Rep. of Korea,KOR,World,All CPCs,All MOTs,TOTAL,All Commodities,605000000000 ,6.05E+11
2018,2018,X,Kuwait,KWT,World,All CPCs,All MOTs,TOTAL,All Commodities,71941444555 ,71941444555
2018,2018,X,Kyrgyzstan,KGZ,World,All CPCs,All MOTs,TOTAL,All Commodities,1835179371 ,1835179371
2018,2018,X,Lao People's Dem. Rep.,LAO,World,All CPCs,All MOTs,TOTAL,All Commodities,5814806369 ,5814806369
2018,2018,X,Lebanon,LBN,World,All CPCs,All MOTs,TOTAL,All Commodities,2952759932 ,2952759932
2018,2018,X,Latvia,LVA,World,All CPCs,All MOTs,TOTAL,All Commodities,15064999864 ,15064999864
2017,2017,X,Libya,LBY,World,All CPCs,All MOTs,TOTAL,All Commodities,20135528255 ,20135528255
2017,2017,X,Lithuania,LTU,World,All CPCs,All MOTs,TOTAL,All Commodities,29349549370 ,29349549371
2017,2017,X,Luxembourg,LUX,World,All CPCs,All MOTs,TOTAL,All Commodities,11517510520 ,11517510521
2017,2017,X,Madagascar,MDG,World,All CPCs,All MOTs,TOTAL,All Commodities,2851663745 ,2851663746
2017,2017,X,Malawi,MWI,World,All CPCs,All MOTs,TOTAL,All Commodities,883851985 ,883851985.8
2017,2017,X,Malaysia,MYS,World,All CPCs,All MOTs,TOTAL,All Commodities,216000000000 ,2.16E+11
2018,2018,X,Libya,LBY,World,All CPCs,All MOTs,TOTAL,All Commodities,30040892184 ,30040892185
2018,2018,X,Lithuania,LTU,World,All CPCs,All MOTs,TOTAL,All Commodities,33334576736 ,33334576737
2018,2018,X,Luxembourg,LUX,World,All CPCs,All MOTs,TOTAL,All Commodities,15127093074 ,15127093075
2018,2018,X,"China, Macao SAR",MAC,World,All CPCs,All MOTs,TOTAL,All Commodities,1161004083 ,1161004084
2018,2018,X,Madagascar,MDG,World,All CPCs,All MOTs,TOTAL,All Commodities,3133017751 ,3133017751
2018,2018,X,Malawi,MWI,World,All CPCs,All MOTs,TOTAL,All Commodities,879974472 ,879974472.9
2018,2018,X,Malaysia,MYS,World,All CPCs,All MOTs,TOTAL,All Commodities,247000000000 ,2.47E+11
2017,2017,X,Maldives,MDV,World,All CPCs,All MOTs,TOTAL,All Commodities,199345279 ,199345279.4
2017,2017,X,Mali,MLI,World,All CPCs,All MOTs,TOTAL,All Commodities,1902730073 ,1902730073
2017,2017,X,Malta,MLT,World,All CPCs,All MOTs,TOTAL,All Commodities,4077731851 ,4077731852
2017,2017,X,Mauritania,MRT,World,All CPCs,All MOTs,TOTAL,All Commodities,1989430771 ,1989430771
2017,2017,X,Mauritius,MUS,World,All CPCs,All MOTs,TOTAL,All Commodities,2102621814 ,2102621814
2017,2017,X,Mexico,MEX,World,All CPCs,All MOTs,TOTAL,All Commodities,409000000000 ,4.09E+11
2018,2018,X,Maldives,MDV,World,All CPCs,All MOTs,TOTAL,All Commodities,181711401 ,181711401.1
2018,2018,X,Malta,MLT,World,All CPCs,All MOTs,TOTAL,All Commodities,3868514079 ,3868514079
2018,2018,X,Mauritania,MRT,World,All CPCs,All MOTs,TOTAL,All Commodities,2051854542 ,2051854543
2018,2018,X,Mauritius,MUS,World,All CPCs,All MOTs,TOTAL,All Commodities,1987672862 ,1987672863
2018,2018,X,Mexico,MEX,World,All CPCs,All MOTs,TOTAL,All Commodities,451000000000 ,4.51E+11
2017,2017,X,"Other Asia, nes",S19,World,All CPCs,All MOTs,TOTAL,All Commodities,318000000000 ,3.18E+11
2017,2017,X,Mongolia,MNG,World,All CPCs,All MOTs,TOTAL,All Commodities,6200592951 ,6200592952
2017,2017,X,Rep. of Moldova,MDA,World,All CPCs,All MOTs,TOTAL,All Commodities,2425118752 ,2425118752
2017,2017,X,Montenegro,MNE,World,All CPCs,All MOTs,TOTAL,All Commodities,420870887 ,420870887.9
2017,2017,X,Morocco,MAR,World,All CPCs,All MOTs,TOTAL,All Commodities,25624297849 ,25624297849
2017,2017,X,Mozambique,MOZ,World,All CPCs,All MOTs,TOTAL,All Commodities,4718518271 ,4718518271
2017,2017,X,Oman,OMN,World,All CPCs,All MOTs,TOTAL,All Commodities,32904047205 ,32904047205
2017,2017,X,Namibia,NAM,World,All CPCs,All MOTs,TOTAL,All Commodities,5229360925 ,5229360925
2017,2017,X,Nepal,NPL,World,All CPCs,All MOTs,TOTAL,All Commodities,740742914 ,740742914.4
2018,2018,X,"Other Asia, nes",S19,World,All CPCs,All MOTs,TOTAL,All Commodities,336000000000 ,3.36E+11
2018,2018,X,Mongolia,MNG,World,All CPCs,All MOTs,TOTAL,All Commodities,7011757684 ,7011757685
2018,2018,X,Rep. of Moldova,MDA,World,All CPCs,All MOTs,TOTAL,All Commodities,2706818216 ,2706818216
2018,2018,X,Montenegro,MNE,World,All CPCs,All MOTs,TOTAL,All Commodities,465997357 ,465997357.5
2018,2018,X,Morocco,MAR,World,All CPCs,All MOTs,TOTAL,All Commodities,29360137412 ,29360137412
2018,2018,X,Mozambique,MOZ,World,All CPCs,All MOTs,TOTAL,All Commodities,5195579533 ,5195579533
2018,2018,X,Oman,OMN,World,All CPCs,All MOTs,TOTAL,All Commodities,41760976158 ,41760976158
2018,2018,X,Namibia,NAM,World,All CPCs,All MOTs,TOTAL,All Commodities,7488296000 ,7488296000
2017,2017,X,Netherlands,NLD,World,All CPCs,All MOTs,TOTAL,All Commodities,528000000000 ,5.28E+11
2018,2018,X,Netherlands,NLD,World,All CPCs,All MOTs,TOTAL,All Commodities,588000000000 ,5.88E+11
2017,2017,X,Aruba,ABW,World,All CPCs,All MOTs,TOTAL,All Commodities,89079346 ,89079346.82
2017,2017,X,New Zealand,NZL,World,All CPCs,All MOTs,TOTAL,All Commodities,38050286199 ,38050286200
2017,2017,X,Nicaragua,NIC,World,All CPCs,All MOTs,TOTAL,All Commodities,4925581177 ,4925581178
2017,2017,X,Niger,NER,World,All CPCs,All MOTs,TOTAL,All Commodities,1992358402 ,1992358403
2017,2017,X,Nigeria,NGA,World,All CPCs,All MOTs,TOTAL,All Commodities,44466366757 ,44466366757
2017,2017,X,Norway,NOR,World,All CPCs,All MOTs,TOTAL,All Commodities,102000000000 ,1.02E+11
2018,2018,X,Aruba,ABW,World,All CPCs,All MOTs,TOTAL,All Commodities,69762736 ,69762736.87
2018,2018,X,New Zealand,NZL,World,All CPCs,All MOTs,TOTAL,All Commodities,39838898880 ,39838898880
2018,2018,X,Nicaragua,NIC,World,All CPCs,All MOTs,TOTAL,All Commodities,5013907569 ,5013907570
2018,2018,X,Niger,NER,World,All CPCs,All MOTs,TOTAL,All Commodities,1564627862 ,1564627863
2018,2018,X,Nigeria,NGA,World,All CPCs,All MOTs,TOTAL,All Commodities,62399742736 ,62399742737
2018,2018,X,Norway,NOR,World,All CPCs,All MOTs,TOTAL,All Commodities,123000000000 ,1.23E+11
2017,2017,X,Palau,PLW,World,All CPCs,All MOTs,TOTAL,All Commodities,6419759 ,6419759.86
2017,2017,X,Pakistan,PAK,World,All CPCs,All MOTs,TOTAL,All Commodities,21877787164 ,21877787164
2017,2017,X,Panama,PAN,World,All CPCs,All MOTs,TOTAL,All Commodities,10600819757 ,10600819757
2017,2017,X,Paraguay,PRY,World,All CPCs,All MOTs,TOTAL,All Commodities,8679833045 ,8679833045
2017,2017,X,Peru,PER,World,All CPCs,All MOTs,TOTAL,All Commodities,44237949422 ,44237949423
2017,2017,X,Philippines,PHL,World,All CPCs,All MOTs,TOTAL,All Commodities,68712611186 ,68712611186
2018,2018,X,Palau,PLW,World,All CPCs,All MOTs,TOTAL,All Commodities,8620908 ,8620908.05
2018,2018,X,Pakistan,PAK,World,All CPCs,All MOTs,TOTAL,All Commodities,23630892979 ,23630892980
2018,2018,X,Paraguay,PRY,World,All CPCs,All MOTs,TOTAL,All Commodities,9042469470 ,9042469470
2018,2018,X,Peru,PER,World,All CPCs,All MOTs,TOTAL,All Commodities,48015148375 ,48015148375
2018,2018,X,Philippines,PHL,World,All CPCs,All MOTs,TOTAL,All Commodities,67487668298 ,67487668298
2017,2017,X,Poland,POL,World,All CPCs,All MOTs,TOTAL,All Commodities,221000000000 ,2.21E+11
2017,2017,X,Portugal,PRT,World,All CPCs,All MOTs,TOTAL,All Commodities,62116840516 ,62116840516
2017,2017,X,Timor-Leste,TLS,World,All CPCs,All MOTs,TOTAL,All Commodities,24174262 ,24174262.76
2017,2017,X,Qatar,QAT,World,All CPCs,All MOTs,TOTAL,All Commodities,67498105851 ,67498105852
2017,2017,X,Romania,ROU,World,All CPCs,All MOTs,TOTAL,All Commodities,70626887499 ,70626887500
2018,2018,X,Poland,POL,World,All CPCs,All MOTs,TOTAL,All Commodities,262000000000 ,2.62E+11
2018,2018,X,Portugal,PRT,World,All CPCs,All MOTs,TOTAL,All Commodities,74135905807 ,74135905808
2018,2018,X,Qatar,QAT,World,All CPCs,All MOTs,TOTAL,All Commodities,84904616757 ,84904616757
2018,2018,X,Romania,ROU,World,All CPCs,All MOTs,TOTAL,All Commodities,80077606266 ,80077606267
2017,2017,X,Russian Federation,RUS,World,All CPCs,All MOTs,TOTAL,All Commodities,379000000000 ,3.79E+11
2017,2017,X,Rwanda,RWA,World,All CPCs,All MOTs,TOTAL,All Commodities,942651251 ,942651252
2017,2017,X,Saint Kitts and Nevis,KNA,World,All CPCs,All MOTs,TOTAL,All Commodities,33245644 ,33245644.23
2017,2017,X,Saint Lucia,LCA,World,All CPCs,All MOTs,TOTAL,All Commodities,141655244 ,141655244.4
2017,2017,X,Saint Vincent and the Grenadines,VCT,World,All CPCs,All MOTs,TOTAL,All Commodities,42299408 ,42299408.86
2017,2017,X,Sao Tome and Principe,STP,World,All CPCs,All MOTs,TOTAL,All Commodities,10562590 ,10562590.92
2017,2017,X,Saudi Arabia,SAU,World,All CPCs,All MOTs,TOTAL,All Commodities,222000000000 ,2.22E+11
2017,2017,X,Senegal,SEN,World,All CPCs,All MOTs,TOTAL,All Commodities,2995885808 ,2995885809
2017,2017,X,Serbia,SRB,World,All CPCs,All MOTs,TOTAL,All Commodities,16959040119 ,16959040119
2018,2018,X,Russian Federation,RUS,World,All CPCs,All MOTs,TOTAL,All Commodities,451000000000 ,4.51E+11
2018,2018,X,Rwanda,RWA,World,All CPCs,All MOTs,TOTAL,All Commodities,1004201169 ,1004201169
2018,2018,X,Saint Lucia,LCA,World,All CPCs,All MOTs,TOTAL,All Commodities,116813983 ,116813983.6
2018,2018,X,Saint Vincent and the Grenadines,VCT,World,All CPCs,All MOTs,TOTAL,All Commodities,43665885 ,43665885.79
2018,2018,X,Sao Tome and Principe,STP,World,All CPCs,All MOTs,TOTAL,All Commodities,12087302 ,12087302.46
2018,2018,X,Saudi Arabia,SAU,World,All CPCs,All MOTs,TOTAL,All Commodities,295000000000 ,2.95E+11
2018,2018,X,Senegal,SEN,World,All CPCs,All MOTs,TOTAL,All Commodities,3623242949 ,3623242950
2018,2018,X,Serbia,SRB,World,All CPCs,All MOTs,TOTAL,All Commodities,19239126973 ,19239126973
2017,2017,X,Seychelles,SYC,World,All CPCs,All MOTs,TOTAL,All Commodities,591585318 ,591585318.2
2017,2017,X,Sierra Leone,SLE,World,All CPCs,All MOTs,TOTAL,All Commodities,102651588 ,102651588.8
2017,2017,X,India,IND,World,All CPCs,All MOTs,TOTAL,All Commodities,294000000000 ,2.94E+11
2017,2017,X,Singapore,SGP,World,All CPCs,All MOTs,TOTAL,All Commodities,373000000000 ,3.73E+11
2018,2018,X,Seychelles,SYC,World,All CPCs,All MOTs,TOTAL,All Commodities,846972441 ,846972441.7
2018,2018,X,Sierra Leone,SLE,World,All CPCs,All MOTs,TOTAL,All Commodities,205368284 ,205368284.3
2018,2018,X,India,IND,World,All CPCs,All MOTs,TOTAL,All Commodities,322000000000 ,3.22E+11
2018,2018,X,Singapore,SGP,World,All CPCs,All MOTs,TOTAL,All Commodities,412000000000 ,4.12E+11
2017,2017,X,Slovakia,SVK,World,All CPCs,All MOTs,TOTAL,All Commodities,83475386333 ,83475386333
2017,2017,X,Viet Nam,VNM,World,All CPCs,All MOTs,TOTAL,All Commodities,215000000000 ,2.15E+11
2017,2017,X,Slovenia,SVN,World,All CPCs,All MOTs,TOTAL,All Commodities,31893789564 ,31893789564
2017,2017,X,South Africa,ZAF,World,All CPCs,All MOTs,TOTAL,All Commodities,88233218989 ,88233218990
2018,2018,X,Slovakia,SVK,World,All CPCs,All MOTs,TOTAL,All Commodities,93403168103 ,93403168103
2018,2018,X,Viet Nam,VNM,World,All CPCs,All MOTs,TOTAL,All Commodities,244000000000 ,2.44E+11
2018,2018,X,Slovenia,SVN,World,All CPCs,All MOTs,TOTAL,All Commodities,36471278939 ,36471278939
2018,2018,X,South Africa,ZAF,World,All CPCs,All MOTs,TOTAL,All Commodities,93677434344 ,93677434345
2017,2017,X,Zimbabwe,ZWE,World,All CPCs,All MOTs,TOTAL,All Commodities,3480381866 ,3480381867
2017,2017,X,Spain,ESP,World,All CPCs,All MOTs,TOTAL,All Commodities,312000000000 ,3.12E+11
2018,2018,X,Zimbabwe,ZWE,World,All CPCs,All MOTs,TOTAL,All Commodities,4037267069 ,4037267070
2018,2018,X,Spain,ESP,World,All CPCs,All MOTs,TOTAL,All Commodities,346000000000 ,3.46E+11
2017,2017,X,Sudan,SDN,World,All CPCs,All MOTs,TOTAL,All Commodities,4240642666 ,4240642667
2017,2017,X,Suriname,SUR,World,All CPCs,All MOTs,TOTAL,All Commodities,1441019455 ,1441019455
2017,2017,X,Eswatini,SWZ,World,All CPCs,All MOTs,TOTAL,All Commodities,1801000657 ,1801000657
2017,2017,X,Sweden,SWE,World,All CPCs,All MOTs,TOTAL,All Commodities,153000000000 ,1.53E+11
2018,2018,X,Sudan,SDN,World,All CPCs,All MOTs,TOTAL,All Commodities,3619251504 ,3619251504
2018,2018,X,Suriname,SUR,World,All CPCs,All MOTs,TOTAL,All Commodities,1502817149 ,1502817150
2018,2018,X,Eswatini,SWZ,World,All CPCs,All MOTs,TOTAL,All Commodities,1842438001 ,1842438001
2018,2018,X,Sweden,SWE,World,All CPCs,All MOTs,TOTAL,All Commodities,166000000000 ,1.66E+11
2017,2017,X,Switzerland,CHE,World,All CPCs,All MOTs,TOTAL,All Commodities,299000000000 ,2.99E+11
2017,2017,X,Thailand,THA,World,All CPCs,All MOTs,TOTAL,All Commodities,237000000000 ,2.37E+11
2018,2018,X,Switzerland,CHE,World,All CPCs,All MOTs,TOTAL,All Commodities,311000000000 ,3.11E+11
2018,2018,X,Thailand,THA,World,All CPCs,All MOTs,TOTAL,All Commodities,252000000000 ,2.52E+11
2017,2017,X,Togo,TGO,World,All CPCs,All MOTs,TOTAL,All Commodities,867057011 ,867057011.2
2017,2017,X,United Arab Emirates,ARE,World,All CPCs,All MOTs,TOTAL,All Commodities,314000000000 ,3.14E+11
2017,2017,X,Tunisia,TUN,World,All CPCs,All MOTs,TOTAL,All Commodities,14199816336 ,14199816336
2018,2018,X,Togo,TGO,World,All CPCs,All MOTs,TOTAL,All Commodities,1024037778 ,1024037779
2018,2018,X,United Arab Emirates,ARE,World,All CPCs,All MOTs,TOTAL,All Commodities,388000000000 ,3.88E+11
2018,2018,X,Tunisia,TUN,World,All CPCs,All MOTs,TOTAL,All Commodities,15521228910 ,15521228910
2017,2017,X,Turkey,TUR,World,All CPCs,All MOTs,TOTAL,All Commodities,157000000000 ,1.57E+11
2017,2017,X,Uganda,UGA,World,All CPCs,All MOTs,TOTAL,All Commodities,2901465679 ,2901465680
2017,2017,X,Ukraine,UKR,World,All CPCs,All MOTs,TOTAL,All Commodities,43428391056 ,43428391056
2017,2017,X,North Macedonia,MKD,World,All CPCs,All MOTs,TOTAL,All Commodities,5682803081 ,5682803081
2017,2017,X,Egypt,EGY,World,All CPCs,All MOTs,TOTAL,All Commodities,26434038485 ,26434038486
2018,2018,X,Turkey,TUR,World,All CPCs,All MOTs,TOTAL,All Commodities,168000000000 ,1.68E+11
2018,2018,X,Uganda,UGA,World,All CPCs,All MOTs,TOTAL,All Commodities,3087363576 ,3087363576
2018,2018,X,Ukraine,UKR,World,All CPCs,All MOTs,TOTAL,All Commodities,47334679853 ,47334679854
2018,2018,X,North Macedonia,MKD,World,All CPCs,All MOTs,TOTAL,All Commodities,6906336855 ,6906336855
2018,2018,X,Egypt,EGY,World,All CPCs,All MOTs,TOTAL,All Commodities,29483042042 ,29483042043
2017,2017,X,United Kingdom,GBR,World,All CPCs,All MOTs,TOTAL,All Commodities,442000000000 ,4.42E+11
2017,2017,X,United Rep. of Tanzania,TZA,World,All CPCs,All MOTs,TOTAL,All Commodities,4178109062 ,4178109063
2018,2018,X,United Kingdom,GBR,World,All CPCs,All MOTs,TOTAL,All Commodities,491000000000 ,4.91E+11
2018,2018,X,United Rep. of Tanzania,TZA,World,All CPCs,All MOTs,TOTAL,All Commodities,3669212438 ,3669212439
2017,2017,X,USA,USA,World,All CPCs,All MOTs,TOTAL,All Commodities,1550000000000 ,1.55E+12
2018,2018,X,USA,USA,World,All CPCs,All MOTs,TOTAL,All Commodities,1670000000000 ,1.67E+12
2017,2017,X,Burkina Faso,BFA,World,All CPCs,All MOTs,TOTAL,All Commodities,2790162435 ,2790162436
2017,2017,X,Uruguay,URY,World,All CPCs,All MOTs,TOTAL,All Commodities,7889387375 ,7889387375
2017,2017,X,Uzbekistan,UZB,World,All CPCs,All MOTs,TOTAL,All Commodities,10079471003 ,10079471003
2017,2017,X,Samoa,WSM,World,All CPCs,All MOTs,TOTAL,All Commodities,44401814 ,44401814.2
2017,2017,X,Zambia,ZMB,World,All CPCs,All MOTs,TOTAL,All Commodities,8006789539 ,8006789539
2018,2018,X,Burkina Faso,BFA,World,All CPCs,All MOTs,TOTAL,All Commodities,3283185327 ,3283185327
2018,2018,X,Uruguay,URY,World,All CPCs,All MOTs,TOTAL,All Commodities,7498004935 ,7498004935
2018,2018,X,Uzbekistan,UZB,World,All CPCs,All MOTs,TOTAL,All Commodities,10919011727 ,10919011727
2018,2018,X,Samoa,WSM,World,All CPCs,All MOTs,TOTAL,All Commodities,46101305 ,46101305.35
2018,2018,X,Yemen,YEM,World,All CPCs,All MOTs,TOTAL,All Commodities,15456132 ,15456132.07
2018,2018,X,Zambia,ZMB,World,All CPCs,All MOTs,TOTAL,All Commodities,9043157369 ,9043157369
2015,2015,X,Afghanistan,AFG,World,All CPCs,All MOTs,TOTAL,All Commodities,571404967 ,571404967
2015,2015,X,Albania,ALB,World,All CPCs,All MOTs,TOTAL,All Commodities,1929657032 ,1929657032
2015,2015,X,Algeria,DZA,World,All CPCs,All MOTs,TOTAL,All Commodities,34795951491 ,34795951491
2015,2015,X,Andorra,AND,World,All CPCs,All MOTs,TOTAL,All Commodities,89501934 ,89501934.95
2015,2015,X,Angola,AGO,World,All CPCs,All MOTs,TOTAL,All Commodities,33924937478 ,33924937478
2015,2015,X,Antigua and Barbuda,ATG,World,All CPCs,All MOTs,TOTAL,All Commodities,26045541 ,26045541
2015,2015,X,Azerbaijan,AZE,World,All CPCs,All MOTs,TOTAL,All Commodities,12646293676 ,12646293677
2015,2015,X,Argentina,ARG,World,All CPCs,All MOTs,TOTAL,All Commodities,56783952503 ,56783952504
2015,2015,X,Australia,AUS,World,All CPCs,All MOTs,TOTAL,All Commodities,188000000000 ,1.88E+11
2016,2016,X,Afghanistan,AFG,World,All CPCs,All MOTs,TOTAL,All Commodities,596455337 ,596455337
2016,2016,X,Albania,ALB,World,All CPCs,All MOTs,TOTAL,All Commodities,1962117416 ,1962117416
2016,2016,X,Algeria,DZA,World,All CPCs,All MOTs,TOTAL,All Commodities,29992101470 ,29992101470
2016,2016,X,Andorra,AND,World,All CPCs,All MOTs,TOTAL,All Commodities,96912958 ,96912958.67
2016,2016,X,Angola,AGO,World,All CPCs,All MOTs,TOTAL,All Commodities,28057499522 ,28057499522
2016,2016,X,Antigua and Barbuda,ATG,World,All CPCs,All MOTs,TOTAL,All Commodities,61043254 ,61043254
2016,2016,X,Azerbaijan,AZE,World,All CPCs,All MOTs,TOTAL,All Commodities,13380818566 ,13380818567
2016,2016,X,Argentina,ARG,World,All CPCs,All MOTs,TOTAL,All Commodities,57879346239 ,57879346239
2016,2016,X,Australia,AUS,World,All CPCs,All MOTs,TOTAL,All Commodities,190000000000 ,1.90E+11
2015,2015,X,Austria,AUT,World,All CPCs,All MOTs,TOTAL,All Commodities,145000000000 ,1.45E+11
2016,2016,X,Austria,AUT,World,All CPCs,All MOTs,TOTAL,All Commodities,145000000000 ,1.45E+11
2015,2015,X,Bahamas,BHS,World,All CPCs,All MOTs,TOTAL,All Commodities,442781375 ,442781375
2015,2015,X,Bahrain,BHR,World,All CPCs,All MOTs,TOTAL,All Commodities,13882170668 ,13882170669
2015,2015,X,Bangladesh,BGD,World,All CPCs,All MOTs,TOTAL,All Commodities,31734162419 ,31734162419
2015,2015,X,Armenia,ARM,World,All CPCs,All MOTs,TOTAL,All Commodities,1482667349 ,1482667349
2015,2015,X,Barbados,BRB,World,All CPCs,All MOTs,TOTAL,All Commodities,482751934 ,482751934
2015,2015,X,Belgium,BEL,World,All CPCs,All MOTs,TOTAL,All Commodities,398000000000 ,3.98E+11
2016,2016,X,Bahamas,BHS,World,All CPCs,All MOTs,TOTAL,All Commodities,402712422 ,402712422
2016,2016,X,Bahrain,BHR,World,All CPCs,All MOTs,TOTAL,All Commodities,10545888964 ,10545888964
2016,2016,X,Armenia,ARM,World,All CPCs,All MOTs,TOTAL,All Commodities,1807789510 ,1807789510
2016,2016,X,Barbados,BRB,World,All CPCs,All MOTs,TOTAL,All Commodities,516825882 ,516825882
2016,2016,X,Belgium,BEL,World,All CPCs,All MOTs,TOTAL,All Commodities,398000000000 ,3.98E+11
2015,2015,X,Bermuda,BMU,World,All CPCs,All MOTs,TOTAL,All Commodities,8622430 ,8622430
2015,2015,X,Bolivia (Plurinational State of),BOL,World,All CPCs,All MOTs,TOTAL,All Commodities,8923115382 ,8923115383
2015,2015,X,Bosnia Herzegovina,BIH,World,All CPCs,All MOTs,TOTAL,All Commodities,5099185764 ,5099185764
2015,2015,X,Botswana,BWA,World,All CPCs,All MOTs,TOTAL,All Commodities,6329746618 ,6329746618
2015,2015,X,Brazil,BRA,World,All CPCs,All MOTs,TOTAL,All Commodities,191000000000 ,1.91E+11
2015,2015,X,Belize,BLZ,World,All CPCs,All MOTs,TOTAL,All Commodities,313895185 ,313895185
2015,2015,X,Solomon Isds,SLB,World,All CPCs,All MOTs,TOTAL,All Commodities,400400592 ,400400592
2015,2015,X,Brunei Darussalam,BRN,World,All CPCs,All MOTs,TOTAL,All Commodities,6352662492 ,6352662492
2016,2016,X,Bermuda,BMU,World,All CPCs,All MOTs,TOTAL,All Commodities,8317389 ,8317389
2016,2016,X,Bolivia (Plurinational State of),BOL,World,All CPCs,All MOTs,TOTAL,All Commodities,7228167701 ,7228167702
2016,2016,X,Bosnia Herzegovina,BIH,World,All CPCs,All MOTs,TOTAL,All Commodities,5327578339 ,5327578339
2016,2016,X,Botswana,BWA,World,All CPCs,All MOTs,TOTAL,All Commodities,7320705826 ,7320705826
2016,2016,X,Brazil,BRA,World,All CPCs,All MOTs,TOTAL,All Commodities,185000000000 ,1.85E+11
2016,2016,X,Belize,BLZ,World,All CPCs,All MOTs,TOTAL,All Commodities,246162629 ,246162629
2016,2016,X,Solomon Isds,SLB,World,All CPCs,All MOTs,TOTAL,All Commodities,437303074 ,437303074
2016,2016,X,Brunei Darussalam,BRN,World,All CPCs,All MOTs,TOTAL,All Commodities,4875075307 ,4875075307
2015,2015,X,Bulgaria,BGR,World,All CPCs,All MOTs,TOTAL,All Commodities,25778745945 ,25778745945
2015,2015,X,Myanmar,MMR,World,All CPCs,All MOTs,TOTAL,All Commodities,11431792163 ,11431792164
2015,2015,X,Burundi,BDI,World,All CPCs,All MOTs,TOTAL,All Commodities,113790703 ,113790703
2015,2015,X,Belarus,BLR,World,All CPCs,All MOTs,TOTAL,All Commodities,26660394600 ,26660394600
2015,2015,X,Cambodia,KHM,World,All CPCs,All MOTs,TOTAL,All Commodities,8542433639 ,8542433639
2015,2015,X,Cameroon,CMR,World,All CPCs,All MOTs,TOTAL,All Commodities,4052643290 ,4052643290
2016,2016,X,Bulgaria,BGR,World,All CPCs,All MOTs,TOTAL,All Commodities,26688182909 ,26688182909
2016,2016,X,Myanmar,MMR,World,All CPCs,All MOTs,TOTAL,All Commodities,11672717460 ,11672717460
2016,2016,X,Burundi,BDI,World,All CPCs,All MOTs,TOTAL,All Commodities,123055817 ,123055817
2016,2016,X,Belarus,BLR,World,All CPCs,All MOTs,TOTAL,All Commodities,23537354500 ,23537354500
2016,2016,X,Cambodia,KHM,World,All CPCs,All MOTs,TOTAL,All Commodities,10069331577 ,10069331577
2016,2016,X,Cameroon,CMR,World,All CPCs,All MOTs,TOTAL,All Commodities,2130449501 ,2130449501
2015,2015,X,Canada,CAN,World,All CPCs,All MOTs,TOTAL,All Commodities,409000000000 ,4.09E+11
2015,2015,X,Cabo Verde,CPV,World,All CPCs,All MOTs,TOTAL,All Commodities,66829277 ,66829277.23
2015,2015,X,Central African Rep.,CAF,World,All CPCs,All MOTs,TOTAL,All Commodities,96853681 ,96853681
2015,2015,X,Sri Lanka,LKA,World,All CPCs,All MOTs,TOTAL,All Commodities,10439729662 ,10439729662
2016,2016,X,Canada,CAN,World,All CPCs,All MOTs,TOTAL,All Commodities,389000000000 ,3.89E+11
2016,2016,X,Cabo Verde,CPV,World,All CPCs,All MOTs,TOTAL,All Commodities,60361080 ,60361080
2016,2016,X,Central African Rep.,CAF,World,All CPCs,All MOTs,TOTAL,All Commodities,88451252 ,88451252
2016,2016,X,Sri Lanka,LKA,World,All CPCs,All MOTs,TOTAL,All Commodities,10545893296 ,10545893296
2015,2015,X,Chile,CHL,World,All CPCs,All MOTs,TOTAL,All Commodities,62033060412 ,62033060413
2015,2015,X,China,CHN,World,All CPCs,All MOTs,TOTAL,All Commodities,2270000000000 ,2.27E+12
2016,2016,X,Chile,CHL,World,All CPCs,All MOTs,TOTAL,All Commodities,60732633015 ,60732633015
2016,2016,X,China,CHN,World,All CPCs,All MOTs,TOTAL,All Commodities,2100000000000 ,2.10E+12
2015,2015,X,Colombia,COL,World,All CPCs,All MOTs,TOTAL,All Commodities,35690766593 ,35690766593
2015,2015,X,Comoros,COM,World,All CPCs,All MOTs,TOTAL,All Commodities,15469177 ,15469177.53
2015,2015,X,Congo,COG,World,All CPCs,All MOTs,TOTAL,All Commodities,8622950445 ,8622950446
2015,2015,X,Costa Rica,CRI,World,All CPCs,All MOTs,TOTAL,All Commodities,9578337782 ,9578337782
2015,2015,X,Croatia,HRV,World,All CPCs,All MOTs,TOTAL,All Commodities,12843529322 ,12843529322
2015,2015,X,Cyprus,CYP,World,All CPCs,All MOTs,TOTAL,All Commodities,3367019568 ,3367019568
2016,2016,X,Colombia,COL,World,All CPCs,All MOTs,TOTAL,All Commodities,31044991243 ,31044991243
2016,2016,X,Comoros,COM,World,All CPCs,All MOTs,TOTAL,All Commodities,29825121 ,29825121.24
2016,2016,X,Congo,COG,World,All CPCs,All MOTs,TOTAL,All Commodities,7900592412 ,7900592412
2016,2016,X,Costa Rica,CRI,World,All CPCs,All MOTs,TOTAL,All Commodities,9907873818 ,9907873818
2016,2016,X,Croatia,HRV,World,All CPCs,All MOTs,TOTAL,All Commodities,13647534058 ,13647534058
2016,2016,X,Cyprus,CYP,World,All CPCs,All MOTs,TOTAL,All Commodities,2997208894 ,2997208894
2015,2015,X,Czechia,CZE,World,All CPCs,All MOTs,TOTAL,All Commodities,157000000000 ,1.57E+11
2015,2015,X,Benin,BEN,World,All CPCs,All MOTs,TOTAL,All Commodities,625577910 ,625577910
2015,2015,X,Denmark,DNK,World,All CPCs,All MOTs,TOTAL,All Commodities,94618816682 ,94618816682
2015,2015,X,Dominican Rep.,DOM,World,All CPCs,All MOTs,TOTAL,All Commodities,8384108400 ,8384108400
2016,2016,X,Czechia,CZE,World,All CPCs,All MOTs,TOTAL,All Commodities,162000000000 ,1.62E+11
2016,2016,X,Benin,BEN,World,All CPCs,All MOTs,TOTAL,All Commodities,409752038 ,409752038
2016,2016,X,Denmark,DNK,World,All CPCs,All MOTs,TOTAL,All Commodities,94729013059 ,94729013060
2016,2016,X,Dominican Rep.,DOM,World,All CPCs,All MOTs,TOTAL,All Commodities,8744920007 ,8744920007
2015,2015,X,Ecuador,ECU,World,All CPCs,All MOTs,TOTAL,All Commodities,18330607692 ,18330607692
2015,2015,X,El Salvador,SLV,World,All CPCs,All MOTs,TOTAL,All Commodities,5509047690 ,5509047690
2015,2015,X,Ethiopia,ETH,World,All CPCs,All MOTs,TOTAL,All Commodities,2023552443 ,2023552443
2015,2015,X,Estonia,EST,World,All CPCs,All MOTs,TOTAL,All Commodities,13907609950 ,13907609950
2015,2015,X,Fiji,FJI,World,All CPCs,All MOTs,TOTAL,All Commodities,895159986 ,895159986
2015,2015,X,Finland,FIN,World,All CPCs,All MOTs,TOTAL,All Commodities,59682311206 ,59682311206
2016,2016,X,Ecuador,ECU,World,All CPCs,All MOTs,TOTAL,All Commodities,16797664624 ,16797664624
2016,2016,X,El Salvador,SLV,World,All CPCs,All MOTs,TOTAL,All Commodities,5420132897 ,5420132897
2016,2016,X,Ethiopia,ETH,World,All CPCs,All MOTs,TOTAL,All Commodities,1988502929 ,1988502930
2016,2016,X,Estonia,EST,World,All CPCs,All MOTs,TOTAL,All Commodities,13967429425 ,13967429426
2016,2016,X,Fiji,FJI,World,All CPCs,All MOTs,TOTAL,All Commodities,925878395 ,925878395
2016,2016,X,Finland,FIN,World,All CPCs,All MOTs,TOTAL,All Commodities,57325871718 ,57325871718
2015,2015,X,France,FRA,World,All CPCs,All MOTs,TOTAL,All Commodities,494000000000 ,4.94E+11
2015,2015,X,French Polynesia,PYF,World,All CPCs,All MOTs,TOTAL,All Commodities,130193767 ,130193767
2016,2016,X,France,FRA,World,All CPCs,All MOTs,TOTAL,All Commodities,489000000000 ,4.89E+11
2015,2015,X,Georgia,GEO,World,All CPCs,All MOTs,TOTAL,All Commodities,2204676249 ,2204676250
2015,2015,X,Gambia,GMB,World,All CPCs,All MOTs,TOTAL,All Commodities,83324015 ,83324015.23
2015,2015,X,State of Palestine,PSE,World,All CPCs,All MOTs,TOTAL,All Commodities,957810868 ,957810868
2015,2015,X,Germany,DEU,World,All CPCs,All MOTs,TOTAL,All Commodities,1330000000000 ,1.33E+12
2016,2016,X,Georgia,GEO,World,All CPCs,All MOTs,TOTAL,All Commodities,2113733901 ,2113733901
2016,2016,X,Gambia,GMB,World,All CPCs,All MOTs,TOTAL,All Commodities,34290937 ,34290937.1
2016,2016,X,State of Palestine,PSE,World,All CPCs,All MOTs,TOTAL,All Commodities,926498977 ,926498977
2016,2016,X,Germany,DEU,World,All CPCs,All MOTs,TOTAL,All Commodities,1340000000000 ,1.34E+12
2015,2015,X,Ghana,GHA,World,All CPCs,All MOTs,TOTAL,All Commodities,13755564937 ,13755564937
2015,2015,X,Kiribati,KIR,World,All CPCs,All MOTs,TOTAL,All Commodities,10008709 ,10008709.44
2015,2015,X,Greece,GRC,World,All CPCs,All MOTs,TOTAL,All Commodities,28289236579 ,28289236579
2016,2016,X,Ghana,GHA,World,All CPCs,All MOTs,TOTAL,All Commodities,10655796413 ,10655796413
2016,2016,X,Kiribati,KIR,World,All CPCs,All MOTs,TOTAL,All Commodities,10512926 ,10512926
2016,2016,X,Greece,GRC,World,All CPCs,All MOTs,TOTAL,All Commodities,27810924841 ,27810924841
2015,2015,X,Greenland,GRL,World,All CPCs,All MOTs,TOTAL,All Commodities,406301679 ,406301679.9
2015,2015,X,Guatemala,GTM,World,All CPCs,All MOTs,TOTAL,All Commodities,10677394462 ,10677394462
2015,2015,X,Guinea,GIN,World,All CPCs,All MOTs,TOTAL,All Commodities,1573675202 ,1573675202
2015,2015,X,Guyana,GUY,World,All CPCs,All MOTs,TOTAL,All Commodities,1169367266 ,1169367267
2015,2015,X,Honduras,HND,World,All CPCs,All MOTs,TOTAL,All Commodities,4201473381 ,4201473381
2015,2015,X,"China, Hong Kong SAR",HKG,World,All CPCs,All MOTs,TOTAL,All Commodities,511000000000 ,5.11E+11
2016,2016,X,Greenland,GRL,World,All CPCs,All MOTs,TOTAL,All Commodities,575333167 ,575333168
2016,2016,X,Guatemala,GTM,World,All CPCs,All MOTs,TOTAL,All Commodities,10591329598 ,10591329598
2016,2016,X,Guinea,GIN,World,All CPCs,All MOTs,TOTAL,All Commodities,2394528520 ,2394528521
2016,2016,X,Guyana,GUY,World,All CPCs,All MOTs,TOTAL,All Commodities,1452631561 ,1452631561
2016,2016,X,Honduras,HND,World,All CPCs,All MOTs,TOTAL,All Commodities,4084641916 ,4084641916
2016,2016,X,"China, Hong Kong SAR",HKG,World,All CPCs,All MOTs,TOTAL,All Commodities,517000000000 ,5.17E+11
2015,2015,X,Hungary,HUN,World,All CPCs,All MOTs,TOTAL,All Commodities,100000000000 ,1.00E+11
2015,2015,X,Iceland,ISL,World,All CPCs,All MOTs,TOTAL,All Commodities,4721984946 ,4721984946
2015,2015,X,Indonesia,IDN,World,All CPCs,All MOTs,TOTAL,All Commodities,150000000000 ,1.50E+11
2015,2015,X,Iran,IRN,World,All CPCs,All MOTs,TOTAL,All Commodities,60040642108 ,60040642109
2015,2015,X,Iraq,IRQ,World,All CPCs,All MOTs,TOTAL,All Commodities,49402582280 ,49402582280
2016,2016,X,Hungary,HUN,World,All CPCs,All MOTs,TOTAL,All Commodities,103000000000 ,1.03E+11
2016,2016,X,Iceland,ISL,World,All CPCs,All MOTs,TOTAL,All Commodities,4449729754 ,4449729754
2016,2016,X,Indonesia,IDN,World,All CPCs,All MOTs,TOTAL,All Commodities,144000000000 ,1.44E+11
2016,2016,X,Iran,IRN,World,All CPCs,All MOTs,TOTAL,All Commodities,83148194183 ,83148194184
2016,2016,X,Iraq,IRQ,World,All CPCs,All MOTs,TOTAL,All Commodities,43774017809 ,43774017809
2015,2015,X,Ireland,IRL,World,All CPCs,All MOTs,TOTAL,All Commodities,125000000000 ,1.25E+11
2015,2015,X,Israel,ISR,World,All CPCs,All MOTs,TOTAL,All Commodities,64062217000 ,64062217000
2016,2016,X,Ireland,IRL,World,All CPCs,All MOTs,TOTAL,All Commodities,132000000000 ,1.32E+11
2016,2016,X,Israel,ISR,World,All CPCs,All MOTs,TOTAL,All Commodities,60570596000 ,60570596000
2015,2015,X,Italy,ITA,World,All CPCs,All MOTs,TOTAL,All Commodities,457000000000 ,4.57E+11
2016,2016,X,Italy,ITA,World,All CPCs,All MOTs,TOTAL,All Commodities,462000000000 ,4.62E+11
2015,2015,X,-lvory Coast,CIV,World,All CPCs,All MOTs,TOTAL,All Commodities,12559700112 ,12559700113
2015,2015,X,Jamaica,JAM,World,All CPCs,All MOTs,TOTAL,All Commodities,1262584854 ,1262584854
2015,2015,X,Japan,JPN,World,All CPCs,All MOTs,TOTAL,All Commodities,625000000000 ,6.25E+11
2015,2015,X,Kazakhstan,KAZ,World,All CPCs,All MOTs,TOTAL,All Commodities,45954426051 ,45954426051
2015,2015,X,Jordan,JOR,World,All CPCs,All MOTs,TOTAL,All Commodities,7832976598 ,7832976598
2016,2016,X,-lvory Coast,CIV,World,All CPCs,All MOTs,TOTAL,All Commodities,10776851158 ,10776851158
2016,2016,X,Jamaica,JAM,World,All CPCs,All MOTs,TOTAL,All Commodities,1201786561 ,1201786561
2016,2016,X,Japan,JPN,World,All CPCs,All MOTs,TOTAL,All Commodities,645000000000 ,6.45E+11
2016,2016,X,Kazakhstan,KAZ,World,All CPCs,All MOTs,TOTAL,All Commodities,36775323403 ,36775323403
2016,2016,X,Jordan,JOR,World,All CPCs,All MOTs,TOTAL,All Commodities,7509082521 ,7509082521
2015,2015,X,Kenya,KEN,World,All CPCs,All MOTs,TOTAL,All Commodities,5906821405 ,5906821406
2015,2015,X,Rep. of Korea,KOR,World,All CPCs,All MOTs,TOTAL,All Commodities,527000000000 ,5.27E+11
2015,2015,X,Kuwait,KWT,World,All CPCs,All MOTs,TOTAL,All Commodities,54120957085 ,54120957086
2015,2015,X,Kyrgyzstan,KGZ,World,All CPCs,All MOTs,TOTAL,All Commodities,1441467621 ,1441467621
2015,2015,X,Lao People's Dem. Rep.,LAO,World,All CPCs,All MOTs,TOTAL,All Commodities,2985095357 ,2985095357
2015,2015,X,Lebanon,LBN,World,All CPCs,All MOTs,TOTAL,All Commodities,2953388639 ,2953388640
2015,2015,X,Lesotho,LSO,World,All CPCs,All MOTs,TOTAL,All Commodities,603764579 ,603764580
2015,2015,X,Latvia,LVA,World,All CPCs,All MOTs,TOTAL,All Commodities,11649939894 ,11649939895
2016,2016,X,Kenya,KEN,World,All CPCs,All MOTs,TOTAL,All Commodities,5697559391 ,5697559391
2016,2016,X,Rep. of Korea,KOR,World,All CPCs,All MOTs,TOTAL,All Commodities,495000000000 ,4.95E+11
2016,2016,X,Kuwait,KWT,World,All CPCs,All MOTs,TOTAL,All Commodities,46235357009 ,46235357009
2016,2016,X,Kyrgyzstan,KGZ,World,All CPCs,All MOTs,TOTAL,All Commodities,1423028427 ,1423028427
2016,2016,X,Lao People's Dem. Rep.,LAO,World,All CPCs,All MOTs,TOTAL,All Commodities,3124168977 ,3124168977
2016,2016,X,Lebanon,LBN,World,All CPCs,All MOTs,TOTAL,All Commodities,2976561583 ,2976561583
2016,2016,X,Lesotho,LSO,World,All CPCs,All MOTs,TOTAL,All Commodities,638298740 ,638298740.4
2016,2016,X,Latvia,LVA,World,All CPCs,All MOTs,TOTAL,All Commodities,11607295065 ,11607295065
2015,2015,X,Lithuania,LTU,World,All CPCs,All MOTs,TOTAL,All Commodities,25411022244 ,25411022244
2015,2015,X,Luxembourg,LUX,World,All CPCs,All MOTs,TOTAL,All Commodities,12625702669 ,12625702669
2015,2015,X,"China, Macao SAR",MAC,World,All CPCs,All MOTs,TOTAL,All Commodities,1339012620 ,1339012620
2015,2015,X,Madagascar,MDG,World,All CPCs,All MOTs,TOTAL,All Commodities,2164461193 ,2164461193
2015,2015,X,Malawi,MWI,World,All CPCs,All MOTs,TOTAL,All Commodities,1080100821 ,1080100821
2015,2015,X,Malaysia,MYS,World,All CPCs,All MOTs,TOTAL,All Commodities,200000000000 ,2.00E+11
2016,2016,X,Libya,LBY,World,All CPCs,All MOTs,TOTAL,All Commodities,20135528255 ,20135528255
2016,2016,X,Lithuania,LTU,World,All CPCs,All MOTs,TOTAL,All Commodities,25022652473 ,25022652474
2016,2016,X,Luxembourg,LUX,World,All CPCs,All MOTs,TOTAL,All Commodities,12838381070 ,12838381070
2016,2016,X,"China, Macao SAR",MAC,World,All CPCs,All MOTs,TOTAL,All Commodities,1256603099 ,1256603099
2016,2016,X,Madagascar,MDG,World,All CPCs,All MOTs,TOTAL,All Commodities,2261351178 ,2261351178
2016,2016,X,Malawi,MWI,World,All CPCs,All MOTs,TOTAL,All Commodities,1022154000 ,1022154001
2016,2016,X,Malaysia,MYS,World,All CPCs,All MOTs,TOTAL,All Commodities,189000000000 ,1.89E+11
2015,2015,X,Maldives,MDV,World,All CPCs,All MOTs,TOTAL,All Commodities,144172352 ,144172352
2015,2015,X,Malta,MLT,World,All CPCs,All MOTs,TOTAL,All Commodities,3915447978 ,3915447978
2015,2015,X,Mauritania,MRT,World,All CPCs,All MOTs,TOTAL,All Commodities,1831727139 ,1831727139
2015,2015,X,Mauritius,MUS,World,All CPCs,All MOTs,TOTAL,All Commodities,2481092714 ,2481092714
2015,2015,X,Mexico,MEX,World,All CPCs,All MOTs,TOTAL,All Commodities,381000000000 ,3.81E+11
2016,2016,X,Maldives,MDV,World,All CPCs,All MOTs,TOTAL,All Commodities,139592790 ,139592790
2016,2016,X,Mali,MLI,World,All CPCs,All MOTs,TOTAL,All Commodities,2847593565 ,2847593565
2016,2016,X,Malta,MLT,World,All CPCs,All MOTs,TOTAL,All Commodities,4038642974 ,4038642974
2016,2016,X,Mauritania,MRT,World,All CPCs,All MOTs,TOTAL,All Commodities,1622761598 ,1622761598
2016,2016,X,Mauritius,MUS,World,All CPCs,All MOTs,TOTAL,All Commodities,2197276402 ,2197276402
2016,2016,X,Mexico,MEX,World,All CPCs,All MOTs,TOTAL,All Commodities,374000000000 ,3.74E+11
2015,2015,X,"Other Asia, nes",S19,World,All CPCs,All MOTs,TOTAL,All Commodities,280000000000 ,2.80E+11
2015,2015,X,Mongolia,MNG,World,All CPCs,All MOTs,TOTAL,All Commodities,4669280457 ,4669280457
2015,2015,X,Rep. of Moldova,MDA,World,All CPCs,All MOTs,TOTAL,All Commodities,1966837314 ,1966837314
2015,2015,X,Montenegro,MNE,World,All CPCs,All MOTs,TOTAL,All Commodities,353079512 ,353079512
2015,2015,X,Morocco,MAR,World,All CPCs,All MOTs,TOTAL,All Commodities,22336547287 ,22336547287
2015,2015,X,Mozambique,MOZ,World,All CPCs,All MOTs,TOTAL,All Commodities,3230743671 ,3230743672
2015,2015,X,Oman,OMN,World,All CPCs,All MOTs,TOTAL,All Commodities,35686298632 ,35686298632
2015,2015,X,Namibia,NAM,World,All CPCs,All MOTs,TOTAL,All Commodities,4628291751 ,4628291751
2015,2015,X,Nepal,NPL,World,All CPCs,All MOTs,TOTAL,All Commodities,660181989 ,660181989
2016,2016,X,"Other Asia, nes",S19,World,All CPCs,All MOTs,TOTAL,All Commodities,280000000000 ,2.80E+11
2016,2016,X,Mongolia,MNG,World,All CPCs,All MOTs,TOTAL,All Commodities,4916326458 ,4916326458
2016,2016,X,Rep. of Moldova,MDA,World,All CPCs,All MOTs,TOTAL,All Commodities,2044610956 ,2044610956
2016,2016,X,Montenegro,MNE,World,All CPCs,All MOTs,TOTAL,All Commodities,355060373 ,355060373.9
2016,2016,X,Morocco,MAR,World,All CPCs,All MOTs,TOTAL,All Commodities,22858288521 ,22858288521
2016,2016,X,Mozambique,MOZ,World,All CPCs,All MOTs,TOTAL,All Commodities,3352109244 ,3352109245
2016,2016,X,Oman,OMN,World,All CPCs,All MOTs,TOTAL,All Commodities,30013599551 ,30013599551
2016,2016,X,Namibia,NAM,World,All CPCs,All MOTs,TOTAL,All Commodities,4815846406 ,4815846406
2016,2016,X,Nepal,NPL,World,All CPCs,All MOTs,TOTAL,All Commodities,728846440 ,728846440.1
2015,2015,X,Netherlands,NLD,World,All CPCs,All MOTs,TOTAL,All Commodities,465000000000 ,4.65E+11
2016,2016,X,Netherlands,NLD,World,All CPCs,All MOTs,TOTAL,All Commodities,468000000000 ,4.68E+11
2015,2015,X,Aruba,ABW,World,All CPCs,All MOTs,TOTAL,All Commodities,79882205 ,79882205
2015,2015,X,New Caledonia,NCL,World,All CPCs,All MOTs,TOTAL,All Commodities,1238945615 ,1238945615
2015,2015,X,New Zealand,NZL,World,All CPCs,All MOTs,TOTAL,All Commodities,34357335123 ,34357335123
2015,2015,X,Nicaragua,NIC,World,All CPCs,All MOTs,TOTAL,All Commodities,4667365609 ,4667365609
2015,2015,X,Niger,NER,World,All CPCs,All MOTs,TOTAL,All Commodities,789770313 ,789770313
2015,2015,X,Nigeria,NGA,World,All CPCs,All MOTs,TOTAL,All Commodities,48433351369 ,48433351370
2015,2015,X,Norway,NOR,World,All CPCs,All MOTs,TOTAL,All Commodities,104000000000 ,1.04E+11
2016,2016,X,Aruba,ABW,World,All CPCs,All MOTs,TOTAL,All Commodities,95396491 ,95396491.22
2016,2016,X,New Zealand,NZL,World,All CPCs,All MOTs,TOTAL,All Commodities,33869936061 ,33869936061
2016,2016,X,Nicaragua,NIC,World,All CPCs,All MOTs,TOTAL,All Commodities,4591961798 ,4591961799
2016,2016,X,Niger,NER,World,All CPCs,All MOTs,TOTAL,All Commodities,929914699 ,929914699.9
2016,2016,X,Nigeria,NGA,World,All CPCs,All MOTs,TOTAL,All Commodities,32883045467 ,32883045467
2016,2016,X,Norway,NOR,World,All CPCs,All MOTs,TOTAL,All Commodities,89628326847 ,89628326847
2015,2015,X,Palau,PLW,World,All CPCs,All MOTs,TOTAL,All Commodities,6384671 ,6384671
2015,2015,X,Pakistan,PAK,World,All CPCs,All MOTs,TOTAL,All Commodities,22089018057 ,22089018057
2015,2015,X,Panama,PAN,World,All CPCs,All MOTs,TOTAL,All Commodities,11347872260 ,11347872260
2015,2015,X,Paraguay,PRY,World,All CPCs,All MOTs,TOTAL,All Commodities,8327546291 ,8327546291
2015,2015,X,Peru,PER,World,All CPCs,All MOTs,TOTAL,All Commodities,33667006869 ,33667006869
2015,2015,X,Philippines,PHL,World,All CPCs,All MOTs,TOTAL,All Commodities,58648083080 ,58648083080
2016,2016,X,Palau,PLW,World,All CPCs,All MOTs,TOTAL,All Commodities,6539681 ,6539681
2016,2016,X,Pakistan,PAK,World,All CPCs,All MOTs,TOTAL,All Commodities,20533792833 ,20533792833
2016,2016,X,Panama,PAN,World,All CPCs,All MOTs,TOTAL,All Commodities,11194931374 ,11194931374
2016,2016,X,Paraguay,PRY,World,All CPCs,All MOTs,TOTAL,All Commodities,8501157586 ,8501157586
2016,2016,X,Peru,PER,World,All CPCs,All MOTs,TOTAL,All Commodities,36309958803 ,36309958804
2016,2016,X,Philippines,PHL,World,All CPCs,All MOTs,TOTAL,All Commodities,56312747948 ,56312747948
2015,2015,X,Poland,POL,World,All CPCs,All MOTs,TOTAL,All Commodities,194000000000 ,1.94E+11
2015,2015,X,Portugal,PRT,World,All CPCs,All MOTs,TOTAL,All Commodities,55045025717 ,55045025718
2015,2015,X,Qatar,QAT,World,All CPCs,All MOTs,TOTAL,All Commodities,77971079194 ,77971079194
2015,2015,X,Romania,ROU,World,All CPCs,All MOTs,TOTAL,All Commodities,60605047667 ,60605047667
2016,2016,X,Poland,POL,World,All CPCs,All MOTs,TOTAL,All Commodities,196000000000 ,1.96E+11
2016,2016,X,Portugal,PRT,World,All CPCs,All MOTs,TOTAL,All Commodities,55371549249 ,55371549250
2016,2016,X,Qatar,QAT,World,All CPCs,All MOTs,TOTAL,All Commodities,57308634593 ,57308634594
2016,2016,X,Romania,ROU,World,All CPCs,All MOTs,TOTAL,All Commodities,63581004346 ,63581004346
2015,2015,X,Russian Federation,RUS,World,All CPCs,All MOTs,TOTAL,All Commodities,344000000000 ,3.44E+11
2015,2015,X,Rwanda,RWA,World,All CPCs,All MOTs,TOTAL,All Commodities,593624150 ,593624150.1
2015,2015,X,Saint Kitts and Nevis,KNA,World,All CPCs,All MOTs,TOTAL,All Commodities,31700496 ,31700496.63
2015,2015,X,Saint Lucia,LCA,World,All CPCs,All MOTs,TOTAL,All Commodities,180596808 ,180596808
2015,2015,X,Saint Vincent and the Grenadines,VCT,World,All CPCs,All MOTs,TOTAL,All Commodities,46868923 ,46868923.74
2015,2015,X,Sao Tome and Principe,STP,World,All CPCs,All MOTs,TOTAL,All Commodities,9223182 ,9223182
2015,2015,X,Saudi Arabia,SAU,World,All CPCs,All MOTs,TOTAL,All Commodities,204000000000 ,2.04E+11
2015,2015,X,Senegal,SEN,World,All CPCs,All MOTs,TOTAL,All Commodities,2611671966 ,2611671966
2015,2015,X,Serbia,SRB,World,All CPCs,All MOTs,TOTAL,All Commodities,13378933798 ,13378933798
2016,2016,X,Russian Federation,RUS,World,All CPCs,All MOTs,TOTAL,All Commodities,302000000000 ,3.02E+11
2016,2016,X,Rwanda,RWA,World,All CPCs,All MOTs,TOTAL,All Commodities,613073671 ,613073671.5
2016,2016,X,Saint Kitts and Nevis,KNA,World,All CPCs,All MOTs,TOTAL,All Commodities,36864707 ,36864707.09
2016,2016,X,Saint Lucia,LCA,World,All CPCs,All MOTs,TOTAL,All Commodities,119806601 ,119806601
2016,2016,X,Saint Vincent and the Grenadines,VCT,World,All CPCs,All MOTs,TOTAL,All Commodities,43012868 ,43012868.72
2016,2016,X,Sao Tome and Principe,STP,World,All CPCs,All MOTs,TOTAL,All Commodities,10473934 ,10473934
2016,2016,X,Saudi Arabia,SAU,World,All CPCs,All MOTs,TOTAL,All Commodities,184000000000 ,1.84E+11
2016,2016,X,Senegal,SEN,World,All CPCs,All MOTs,TOTAL,All Commodities,2640276916 ,2640276916
2016,2016,X,Serbia,SRB,World,All CPCs,All MOTs,TOTAL,All Commodities,14851777129 ,14851777129
2015,2015,X,Seychelles,SYC,World,All CPCs,All MOTs,TOTAL,All Commodities,473849406 ,473849406
2015,2015,X,Sierra Leone,SLE,World,All CPCs,All MOTs,TOTAL,All Commodities,93257547 ,93257547
2015,2015,X,India,IND,World,All CPCs,All MOTs,TOTAL,All Commodities,264000000000 ,2.64E+11
2015,2015,X,Singapore,SGP,World,All CPCs,All MOTs,TOTAL,All Commodities,358000000000 ,3.58E+11
2016,2016,X,Seychelles,SYC,World,All CPCs,All MOTs,TOTAL,All Commodities,483692193 ,483692193
2016,2016,X,Sierra Leone,SLE,World,All CPCs,All MOTs,TOTAL,All Commodities,465595233 ,465595233
2016,2016,X,India,IND,World,All CPCs,All MOTs,TOTAL,All Commodities,260000000000 ,2.60E+11
2016,2016,X,Singapore,SGP,World,All CPCs,All MOTs,TOTAL,All Commodities,338000000000 ,3.38E+11
2015,2015,X,Slovakia,SVK,World,All CPCs,All MOTs,TOTAL,All Commodities,74969507247 ,74969507247
2015,2015,X,Viet Nam,VNM,World,All CPCs,All MOTs,TOTAL,All Commodities,162000000000 ,1.62E+11
2015,2015,X,Slovenia,SVN,World,All CPCs,All MOTs,TOTAL,All Commodities,26586979271 ,26586979271
2015,2015,X,South Africa,ZAF,World,All CPCs,All MOTs,TOTAL,All Commodities,80264493195 ,80264493196
2016,2016,X,Slovakia,SVK,World,All CPCs,All MOTs,TOTAL,All Commodities,76997192268 ,76997192268
2016,2016,X,Viet Nam,VNM,World,All CPCs,All MOTs,TOTAL,All Commodities,177000000000 ,1.77E+11
2016,2016,X,Slovenia,SVN,World,All CPCs,All MOTs,TOTAL,All Commodities,27657727689 ,27657727690
2016,2016,X,South Africa,ZAF,World,All CPCs,All MOTs,TOTAL,All Commodities,75912597473 ,75912597473
2015,2015,X,Zimbabwe,ZWE,World,All CPCs,All MOTs,TOTAL,All Commodities,3410659130 ,3410659131
2015,2015,X,Spain,ESP,World,All CPCs,All MOTs,TOTAL,All Commodities,277000000000 ,2.77E+11
2016,2016,X,Zimbabwe,ZWE,World,All CPCs,All MOTs,TOTAL,All Commodities,3341151095 ,3341151096
2016,2016,X,Spain,ESP,World,All CPCs,All MOTs,TOTAL,All Commodities,284000000000 ,2.84E+11
2015,2015,X,Sudan,SDN,World,All CPCs,All MOTs,TOTAL,All Commodities,5587516915 ,5587516915
2015,2015,X,Suriname,SUR,World,All CPCs,All MOTs,TOTAL,All Commodities,1814316671 ,1814316672
2015,2015,X,Eswatini,SWZ,World,All CPCs,All MOTs,TOTAL,All Commodities,1820498383 ,1820498384
2015,2015,X,Sweden,SWE,World,All CPCs,All MOTs,TOTAL,All Commodities,140000000000 ,1.40E+11
2016,2016,X,Sudan,SDN,World,All CPCs,All MOTs,TOTAL,All Commodities,3993489851 ,3993489851
2016,2016,X,Suriname,SUR,World,All CPCs,All MOTs,TOTAL,All Commodities,1235283176 ,1235283176
2016,2016,X,Eswatini,SWZ,World,All CPCs,All MOTs,TOTAL,All Commodities,1716356400 ,1716356400
2016,2016,X,Sweden,SWE,World,All CPCs,All MOTs,TOTAL,All Commodities,139000000000 ,1.39E+11
2015,2015,X,Switzerland,CHE,World,All CPCs,All MOTs,TOTAL,All Commodities,292000000000 ,2.92E+11
2015,2015,X,Thailand,THA,World,All CPCs,All MOTs,TOTAL,All Commodities,214000000000 ,2.14E+11
2016,2016,X,Switzerland,CHE,World,All CPCs,All MOTs,TOTAL,All Commodities,305000000000 ,3.05E+11
2016,2016,X,Thailand,THA,World,All CPCs,All MOTs,TOTAL,All Commodities,215000000000 ,2.15E+11
2015,2015,X,Togo,TGO,World,All CPCs,All MOTs,TOTAL,All Commodities,792419255 ,792419255.8
2015,2015,X,Trinidad and Tobago,TTO,World,All CPCs,All MOTs,TOTAL,All Commodities,10755571039 ,10755571039
2015,2015,X,United Arab Emirates,ARE,World,All CPCs,All MOTs,TOTAL,All Commodities,300000000000 ,3.00E+11
2015,2015,X,Tunisia,TUN,World,All CPCs,All MOTs,TOTAL,All Commodities,14073487589 ,14073487589
2016,2016,X,Togo,TGO,World,All CPCs,All MOTs,TOTAL,All Commodities,801989368 ,801989368.7
2016,2016,X,United Arab Emirates,ARE,World,All CPCs,All MOTs,TOTAL,All Commodities,295000000000 ,2.95E+11
2016,2016,X,Tunisia,TUN,World,All CPCs,All MOTs,TOTAL,All Commodities,13575130953 ,13575130953
2015,2015,X,Turkey,TUR,World,All CPCs,All MOTs,TOTAL,All Commodities,144000000000 ,1.44E+11
2015,2015,X,Uganda,UGA,World,All CPCs,All MOTs,TOTAL,All Commodities,2267008685 ,2267008685
2015,2015,X,Ukraine,UKR,World,All CPCs,All MOTs,TOTAL,All Commodities,38127039558 ,38127039558
2015,2015,X,North Macedonia,MKD,World,All CPCs,All MOTs,TOTAL,All Commodities,4530076212 ,4530076213
2015,2015,X,Egypt,EGY,World,All CPCs,All MOTs,TOTAL,All Commodities,21852047719 ,21852047719
2016,2016,X,Turkey,TUR,World,All CPCs,All MOTs,TOTAL,All Commodities,143000000000 ,1.43E+11
2016,2016,X,Uganda,UGA,World,All CPCs,All MOTs,TOTAL,All Commodities,2482313415 ,2482313415
2016,2016,X,Ukraine,UKR,World,All CPCs,All MOTs,TOTAL,All Commodities,36361032464 ,36361032465
2016,2016,X,North Macedonia,MKD,World,All CPCs,All MOTs,TOTAL,All Commodities,4852151437 ,4852151437
2016,2016,X,Egypt,EGY,World,All CPCs,All MOTs,TOTAL,All Commodities,22973368863 ,22973368864
2015,2015,X,United Kingdom,GBR,World,All CPCs,All MOTs,TOTAL,All Commodities,466000000000 ,4.66E+11
2015,2015,X,United Rep. of Tanzania,TZA,World,All CPCs,All MOTs,TOTAL,All Commodities,5854230521 ,5854230521
2016,2016,X,United Kingdom,GBR,World,All CPCs,All MOTs,TOTAL,All Commodities,411000000000 ,4.11E+11
2016,2016,X,United Rep. of Tanzania,TZA,World,All CPCs,All MOTs,TOTAL,All Commodities,4741924583 ,4741924583
2015,2015,X,USA,USA,World,All CPCs,All MOTs,TOTAL,All Commodities,1500000000000 ,1.50E+12
2016,2016,X,USA,USA,World,All CPCs,All MOTs,TOTAL,All Commodities,1450000000000 ,1.45E+12
2015,2015,X,Burkina Faso,BFA,World,All CPCs,All MOTs,TOTAL,All Commodities,2177496616 ,2177496616
2015,2015,X,Uruguay,URY,World,All CPCs,All MOTs,TOTAL,All Commodities,7669514564 ,7669514564
2015,2015,X,Samoa,WSM,World,All CPCs,All MOTs,TOTAL,All Commodities,58927552 ,58927552
2015,2015,X,Yemen,YEM,World,All CPCs,All MOTs,TOTAL,All Commodities,509857735 ,509857735
2015,2015,X,Zambia,ZMB,World,All CPCs,All MOTs,TOTAL,All Commodities,6606513244 ,6606513244
2016,2016,X,Burkina Faso,BFA,World,All CPCs,All MOTs,TOTAL,All Commodities,2520012338 ,2520012338
2016,2016,X,Uruguay,URY,World,All CPCs,All MOTs,TOTAL,All Commodities,6963552025 ,6963552025
2016,2016,X,Samoa,WSM,World,All CPCs,All MOTs,TOTAL,All Commodities,56040486 ,56040486
2016,2016,X,Zambia,ZMB,World,All CPCs,All MOTs,TOTAL,All Commodities,6372386803 ,6372386803
2019,2019,X,Afghanistan,AFG,World,All CPCs,All MOTs,TOTAL,All Commodities,870488512 ,870488512.5
2019,2019,X,Antigua and Barbuda,ATG,World,All CPCs,All MOTs,TOTAL,All Commodities,37400118 ,37400118.4
2019,2019,X,Azerbaijan,AZE,World,All CPCs,All MOTs,TOTAL,All Commodities,19635202600 ,19635202601
2019,2019,X,Argentina,ARG,World,All CPCs,All MOTs,TOTAL,All Commodities,65114127659 ,65114127660
2019,2019,X,Australia,AUS,World,All CPCs,All MOTs,TOTAL,All Commodities,266000000000 ,2.66E+11
2020,2020,X,Azerbaijan,AZE,World,All CPCs,All MOTs,TOTAL,All Commodities,13740567629 ,13740567629
2019,2019,X,Austria,AUT,World,All CPCs,All MOTs,TOTAL,All Commodities,172000000000 ,1.72E+11
2019,2019,X,Armenia,ARM,World,All CPCs,All MOTs,TOTAL,All Commodities,2611700709 ,2611700709
2019,2019,X,Barbados,BRB,World,All CPCs,All MOTs,TOTAL,All Commodities,444085369 ,444085369
2019,2019,X,Belgium,BEL,World,All CPCs,All MOTs,TOTAL,All Commodities,445000000000 ,4.45E+11
2020,2020,X,Armenia,ARM,World,All CPCs,All MOTs,TOTAL,All Commodities,2519989897 ,2519989898
2020,2020,X,Barbados,BRB,World,All CPCs,All MOTs,TOTAL,All Commodities,345206217 ,345206217
2020,2020,X,Belgium,BEL,World,All CPCs,All MOTs,TOTAL,All Commodities,298000000000 ,2.98E+11
2019,2019,X,Bermuda,BMU,World,All CPCs,All MOTs,TOTAL,All Commodities,26832552 ,26832552.27
2019,2019,X,Bosnia Herzegovina,BIH,World,All CPCs,All MOTs,TOTAL,All Commodities,6578243902 ,6578243902
2019,2019,X,Botswana,BWA,World,All CPCs,All MOTs,TOTAL,All Commodities,5238079155 ,5238079155
2019,2019,X,Brazil,BRA,World,All CPCs,All MOTs,TOTAL,All Commodities,225000000000 ,2.25E+11
2019,2019,X,Belize,BLZ,World,All CPCs,All MOTs,TOTAL,All Commodities,244908836 ,244908836.2
2019,2019,X,Brunei Darussalam,BRN,World,All CPCs,All MOTs,TOTAL,All Commodities,7039083085 ,7039083086
2020,2020,X,Bosnia Herzegovina,BIH,World,All CPCs,All MOTs,TOTAL,All Commodities,6148984677 ,6148984678
2020,2020,X,Botswana,BWA,World,All CPCs,All MOTs,TOTAL,All Commodities,4255975840 ,4255975841
2020,2020,X,Belize,BLZ,World,All CPCs,All MOTs,TOTAL,All Commodities,211872682 ,211872682.3
2019,2019,X,Bulgaria,BGR,World,All CPCs,All MOTs,TOTAL,All Commodities,33454448049 ,33454448049
2019,2019,X,Myanmar,MMR,World,All CPCs,All MOTs,TOTAL,All Commodities,17997120537 ,17997120537
2019,2019,X,Burundi,BDI,World,All CPCs,All MOTs,TOTAL,All Commodities,180717200 ,180717200.7
2019,2019,X,Belarus,BLR,World,All CPCs,All MOTs,TOTAL,All Commodities,32955122400 ,32955122400
2019,2019,X,Cambodia,KHM,World,All CPCs,All MOTs,TOTAL,All Commodities,14824722293 ,14824722293
2019,2019,X,Canada,CAN,World,All CPCs,All MOTs,TOTAL,All Commodities,446000000000 ,4.46E+11
2019,2019,X,Cabo Verde,CPV,World,All CPCs,All MOTs,TOTAL,All Commodities,61879312 ,61879312.93
2020,2020,X,Canada,CAN,World,All CPCs,All MOTs,TOTAL,All Commodities,390000000000 ,3.90E+11
2019,2019,X,Chile,CHL,World,All CPCs,All MOTs,TOTAL,All Commodities,69681396828 ,69681396829
2019,2019,X,China,CHN,World,All CPCs,All MOTs,TOTAL,All Commodities,2500000000000 ,2.50E+12
2019,2019,X,Colombia,COL,World,All CPCs,All MOTs,TOTAL,All Commodities,39489359461 ,39489359462
2019,2019,X,Comoros,COM,World,All CPCs,All MOTs,TOTAL,All Commodities,49024220 ,49024220.72
2019,2019,X,Congo,COG,World,All CPCs,All MOTs,TOTAL,All Commodities,5575942320 ,5575942320
2019,2019,X,Dem. Rep. of the Congo,COD,World,All CPCs,All MOTs,TOTAL,All Commodities,13382299169 ,13382299169
2019,2019,X,Costa Rica,CRI,World,All CPCs,All MOTs,TOTAL,All Commodities,11451993076 ,11451993077
2019,2019,X,Croatia,HRV,World,All CPCs,All MOTs,TOTAL,All Commodities,17063049815 ,17063049815
2019,2019,X,Cyprus,CYP,World,All CPCs,All MOTs,TOTAL,All Commodities,3520899557 ,3520899557
2020,2020,X,Croatia,HRV,World,All CPCs,All MOTs,TOTAL,All Commodities,16965386599 ,16965386599
2019,2019,X,Czechia,CZE,World,All CPCs,All MOTs,TOTAL,All Commodities,199000000000 ,1.99E+11
2019,2019,X,Benin,BEN,World,All CPCs,All MOTs,TOTAL,All Commodities,851648437 ,851648437.7
2019,2019,X,Denmark,DNK,World,All CPCs,All MOTs,TOTAL,All Commodities,110000000000 ,1.10E+11
2020,2020,X,Czechia,CZE,World,All CPCs,All MOTs,TOTAL,All Commodities,190000000000 ,1.90E+11
2020,2020,X,Denmark,DNK,World,All CPCs,All MOTs,TOTAL,All Commodities,107000000000 ,1.07E+11
2019,2019,X,Ecuador,ECU,World,All CPCs,All MOTs,TOTAL,All Commodities,22329378889 ,22329378889
2019,2019,X,El Salvador,SLV,World,All CPCs,All MOTs,TOTAL,All Commodities,5943316474 ,5943316475
2019,2019,X,Estonia,EST,World,All CPCs,All MOTs,TOTAL,All Commodities,16818678297 ,16818678298
2019,2019,X,Fiji,FJI,World,All CPCs,All MOTs,TOTAL,All Commodities,1032914403 ,1032914404
2019,2019,X,Finland,FIN,World,All CPCs,All MOTs,TOTAL,All Commodities,72839176013 ,72839176013
2020,2020,X,El Salvador,SLV,World,All CPCs,All MOTs,TOTAL,All Commodities,5030095607 ,5030095608
2020,2020,X,Estonia,EST,World,All CPCs,All MOTs,TOTAL,All Commodities,16898430208 ,16898430208
2020,2020,X,Finland,FIN,World,All CPCs,All MOTs,TOTAL,All Commodities,65594951995 ,65594951995
2019,2019,X,France,FRA,World,All CPCs,All MOTs,TOTAL,All Commodities,556000000000 ,5.56E+11
2019,2019,X,Georgia,GEO,World,All CPCs,All MOTs,TOTAL,All Commodities,3798385371 ,3798385372
2019,2019,X,Gambia,GMB,World,All CPCs,All MOTs,TOTAL,All Commodities,24602270 ,24602270.89
2019,2019,X,State of Palestine,PSE,World,All CPCs,All MOTs,TOTAL,All Commodities,1103808374 ,1103808374
2019,2019,X,Germany,DEU,World,All CPCs,All MOTs,TOTAL,All Commodities,1490000000000 ,1.49E+12
2020,2020,X,Gambia,GMB,World,All CPCs,All MOTs,TOTAL,All Commodities,25860014 ,25860014.2
2019,2019,X,Ghana,GHA,World,All CPCs,All MOTs,TOTAL,All Commodities,16768275189 ,16768275190
2019,2019,X,Greece,GRC,World,All CPCs,All MOTs,TOTAL,All Commodities,37885526504 ,37885526504
2020,2020,X,Greece,GRC,World,All CPCs,All MOTs,TOTAL,All Commodities,35070461605 ,35070461606
2019,2019,X,Guatemala,GTM,World,All CPCs,All MOTs,TOTAL,All Commodities,11289176124 ,11289176124
2019,2019,X,Guyana,GUY,World,All CPCs,All MOTs,TOTAL,All Commodities,3842501776 ,3842501776
2019,2019,X,Honduras,HND,World,All CPCs,All MOTs,TOTAL,All Commodities,3091163099 ,3091163099
2019,2019,X,"China, Hong Kong SAR",HKG,World,All CPCs,All MOTs,TOTAL,All Commodities,536000000000 ,5.36E+11
2020,2020,X,Guatemala,GTM,World,All CPCs,All MOTs,TOTAL,All Commodities,11658469044 ,11658469044
2020,2020,X,Guyana,GUY,World,All CPCs,All MOTs,TOTAL,All Commodities,2813852540 ,2813852541
2020,2020,X,"China, Hong Kong SAR",HKG,World,All CPCs,All MOTs,TOTAL,All Commodities,552000000000 ,5.52E+11
2019,2019,X,Hungary,HUN,World,All CPCs,All MOTs,TOTAL,All Commodities,122000000000 ,1.22E+11
2019,2019,X,Iceland,ISL,World,All CPCs,All MOTs,TOTAL,All Commodities,5228360516 ,5228360517
2019,2019,X,Indonesia,IDN,World,All CPCs,All MOTs,TOTAL,All Commodities,168000000000 ,1.68E+11
2020,2020,X,Hungary,HUN,World,All CPCs,All MOTs,TOTAL,All Commodities,119000000000 ,1.19E+11
2020,2020,X,Iceland,ISL,World,All CPCs,All MOTs,TOTAL,All Commodities,4560041715 ,4560041716
2019,2019,X,Ireland,IRL,World,All CPCs,All MOTs,TOTAL,All Commodities,171000000000 ,1.71E+11
2019,2019,X,Israel,ISR,World,All CPCs,All MOTs,TOTAL,All Commodities,58488466000 ,58488466000
2020,2020,X,Ireland,IRL,World,All CPCs,All MOTs,TOTAL,All Commodities,184000000000 ,1.84E+11
2020,2020,X,Israel,ISR,World,All CPCs,All MOTs,TOTAL,All Commodities,49761375000 ,49761375000
2019,2019,X,Italy,ITA,World,All CPCs,All MOTs,TOTAL,All Commodities,538000000000 ,5.38E+11
2020,2020,X,Italy,ITA,World,All CPCs,All MOTs,TOTAL,All Commodities,496000000000 ,4.96E+11
2019,2019,X,-lvory Coast,CIV,World,All CPCs,All MOTs,TOTAL,All Commodities,12717851545 ,12717851546
2019,2019,X,Jamaica,JAM,World,All CPCs,All MOTs,TOTAL,All Commodities,1586350782 ,1586350783
2019,2019,X,Japan,JPN,World,All CPCs,All MOTs,TOTAL,All Commodities,706000000000 ,7.06E+11
2019,2019,X,Kazakhstan,KAZ,World,All CPCs,All MOTs,TOTAL,All Commodities,57722940896 ,57722940896
2019,2019,X,Jordan,JOR,World,All CPCs,All MOTs,TOTAL,All Commodities,8312916561 ,8312916561
2020,2020,X,Japan,JPN,World,All CPCs,All MOTs,TOTAL,All Commodities,641000000000 ,6.41E+11
2019,2019,X,Kenya,KEN,World,All CPCs,All MOTs,TOTAL,All Commodities,5836255973 ,5836255974
2019,2019,X,Rep. of Korea,KOR,World,All CPCs,All MOTs,TOTAL,All Commodities,542000000000 ,5.42E+11
2019,2019,X,Kuwait,KWT,World,All CPCs,All MOTs,TOTAL,All Commodities,64482096620 ,64482096620
2019,2019,X,Kyrgyzstan,KGZ,World,All CPCs,All MOTs,TOTAL,All Commodities,1986109552 ,1986109552
2019,2019,X,Lao People's Dem. Rep.,LAO,World,All CPCs,All MOTs,TOTAL,All Commodities,5809346160 ,5809346161
2019,2019,X,Latvia,LVA,World,All CPCs,All MOTs,TOTAL,All Commodities,14447101696 ,14447101697
2020,2020,X,Kenya,KEN,World,All CPCs,All MOTs,TOTAL,All Commodities,6023441806 ,6023441806
2020,2020,X,Latvia,LVA,World,All CPCs,All MOTs,TOTAL,All Commodities,15070761991 ,15070761992
2019,2019,X,Lithuania,LTU,World,All CPCs,All MOTs,TOTAL,All Commodities,33150771896 ,33150771897
2019,2019,X,Luxembourg,LUX,World,All CPCs,All MOTs,TOTAL,All Commodities,14667446910 ,14667446910
2019,2019,X,"China, Macao SAR",MAC,World,All CPCs,All MOTs,TOTAL,All Commodities,1023983031 ,1023983031
2019,2019,X,Madagascar,MDG,World,All CPCs,All MOTs,TOTAL,All Commodities,2688948366 ,2688948367
2019,2019,X,Malawi,MWI,World,All CPCs,All MOTs,TOTAL,All Commodities,912832375 ,912832375.8
2019,2019,X,Malaysia,MYS,World,All CPCs,All MOTs,TOTAL,All Commodities,238000000000 ,2.38E+11
2020,2020,X,Lithuania,LTU,World,All CPCs,All MOTs,TOTAL,All Commodities,32753265465 ,32753265466
2020,2020,X,Luxembourg,LUX,World,All CPCs,All MOTs,TOTAL,All Commodities,13442285485 ,13442285485
2020,2020,X,"China, Macao SAR",MAC,World,All CPCs,All MOTs,TOTAL,All Commodities,1024581530 ,1024581530
2019,2019,X,Malta,MLT,World,All CPCs,All MOTs,TOTAL,All Commodities,4142922134 ,4142922135
2019,2019,X,Mauritania,MRT,World,All CPCs,All MOTs,TOTAL,All Commodities,2266469717 ,2266469717
2019,2019,X,Mauritius,MUS,World,All CPCs,All MOTs,TOTAL,All Commodities,1876368427 ,1876368427
2019,2019,X,Mexico,MEX,World,All CPCs,All MOTs,TOTAL,All Commodities,461000000000 ,4.61E+11
2019,2019,X,"Other Asia, nes",S19,World,All CPCs,All MOTs,TOTAL,All Commodities,329000000000 ,3.29E+11
2019,2019,X,Mongolia,MNG,World,All CPCs,All MOTs,TOTAL,All Commodities,7619753899 ,7619753900
2019,2019,X,Rep. of Moldova,MDA,World,All CPCs,All MOTs,TOTAL,All Commodities,2779164783 ,2779164783
2019,2019,X,Morocco,MAR,World,All CPCs,All MOTs,TOTAL,All Commodities,29327791573 ,29327791574
2019,2019,X,Mozambique,MOZ,World,All CPCs,All MOTs,TOTAL,All Commodities,4722313201 ,4722313202
2019,2019,X,Namibia,NAM,World,All CPCs,All MOTs,TOTAL,All Commodities,6256147591 ,6256147591
2020,2020,X,Montenegro,MNE,World,All CPCs,All MOTs,TOTAL,All Commodities,409845585 ,409845585.5
2020,2020,X,Namibia,NAM,World,All CPCs,All MOTs,TOTAL,All Commodities,5600210898 ,5600210898
2019,2019,X,Netherlands,NLD,World,All CPCs,All MOTs,TOTAL,All Commodities,577000000000 ,5.77E+11
2020,2020,X,Netherlands,NLD,World,All CPCs,All MOTs,TOTAL,All Commodities,552000000000 ,5.52E+11
2019,2019,X,Aruba,ABW,World,All CPCs,All MOTs,TOTAL,All Commodities,83627050 ,83627050.37
2019,2019,X,New Zealand,NZL,World,All CPCs,All MOTs,TOTAL,All Commodities,39539825796 ,39539825796
2019,2019,X,Nicaragua,NIC,World,All CPCs,All MOTs,TOTAL,All Commodities,5272553121 ,5272553121
2019,2019,X,Nigeria,NGA,World,All CPCs,All MOTs,TOTAL,All Commodities,53617812190 ,53617812190
2019,2019,X,Norway,NOR,World,All CPCs,All MOTs,TOTAL,All Commodities,104000000000 ,1.04E+11
2020,2020,X,Aruba,ABW,World,All CPCs,All MOTs,TOTAL,All Commodities,65930897 ,65930897.33
2020,2020,X,New Zealand,NZL,World,All CPCs,All MOTs,TOTAL,All Commodities,38823515017 ,38823515018
2019,2019,X,Pakistan,PAK,World,All CPCs,All MOTs,TOTAL,All Commodities,23748680252 ,23748680253
2019,2019,X,Paraguay,PRY,World,All CPCs,All MOTs,TOTAL,All Commodities,7652035474 ,7652035474
2019,2019,X,Peru,PER,World,All CPCs,All MOTs,TOTAL,All Commodities,46131564759 ,46131564759
2019,2019,X,Philippines,PHL,World,All CPCs,All MOTs,TOTAL,All Commodities,70926674490 ,70926674490
2020,2020,X,Pakistan,PAK,World,All CPCs,All MOTs,TOTAL,All Commodities,22237163374 ,22237163375
2019,2019,X,Poland,POL,World,All CPCs,All MOTs,TOTAL,All Commodities,252000000000 ,2.52E+11
2019,2019,X,Portugal,PRT,World,All CPCs,All MOTs,TOTAL,All Commodities,67064074174 ,67064074175
2019,2019,X,Qatar,QAT,World,All CPCs,All MOTs,TOTAL,All Commodities,72934956293 ,72934956293
2019,2019,X,Romania,ROU,World,All CPCs,All MOTs,TOTAL,All Commodities,77298748437 ,77298748437
2020,2020,X,Portugal,PRT,World,All CPCs,All MOTs,TOTAL,All Commodities,61533367287 ,61533367288
2019,2019,X,Russian Federation,RUS,World,All CPCs,All MOTs,TOTAL,All Commodities,427000000000 ,4.27E+11
2019,2019,X,Rwanda,RWA,World,All CPCs,All MOTs,TOTAL,All Commodities,1161750594 ,1161750595
2019,2019,X,Saint Lucia,LCA,World,All CPCs,All MOTs,TOTAL,All Commodities,97255260 ,97255260.21
2019,2019,X,Saint Vincent and the Grenadines,VCT,World,All CPCs,All MOTs,TOTAL,All Commodities,38157024 ,38157024.14
2019,2019,X,Sao Tome and Principe,STP,World,All CPCs,All MOTs,TOTAL,All Commodities,9858888 ,9858888.95
2019,2019,X,Saudi Arabia,SAU,World,All CPCs,All MOTs,TOTAL,All Commodities,252000000000 ,2.52E+11
2019,2019,X,Senegal,SEN,World,All CPCs,All MOTs,TOTAL,All Commodities,4178514674 ,4178514675
2019,2019,X,Serbia,SRB,World,All CPCs,All MOTs,TOTAL,All Commodities,19633048518 ,19633048518
2020,2020,X,Senegal,SEN,World,All CPCs,All MOTs,TOTAL,All Commodities,3929360138 ,3929360138
2020,2020,X,Serbia,SRB,World,All CPCs,All MOTs,TOTAL,All Commodities,19497682328 ,19497682328
2019,2019,X,Seychelles,SYC,World,All CPCs,All MOTs,TOTAL,All Commodities,824038383 ,824038383.5
2019,2019,X,India,IND,World,All CPCs,All MOTs,TOTAL,All Commodities,323000000000 ,3.23E+11
2019,2019,X,Singapore,SGP,World,All CPCs,All MOTs,TOTAL,All Commodities,390000000000 ,3.90E+11
2019,2019,X,Slovakia,SVK,World,All CPCs,All MOTs,TOTAL,All Commodities,89909085415 ,89909085416
2019,2019,X,Viet Nam,VNM,World,All CPCs,All MOTs,TOTAL,All Commodities,265000000000 ,2.65E+11
2019,2019,X,Slovenia,SVN,World,All CPCs,All MOTs,TOTAL,All Commodities,37574594379 ,37574594380
2019,2019,X,South Africa,ZAF,World,All CPCs,All MOTs,TOTAL,All Commodities,89395988333 ,89395988334
2020,2020,X,South Africa,ZAF,World,All CPCs,All MOTs,TOTAL,All Commodities,85226766450 ,85226766450
2019,2019,X,Zimbabwe,ZWE,World,All CPCs,All MOTs,TOTAL,All Commodities,4279383537 ,4279383538
2019,2019,X,Spain,ESP,World,All CPCs,All MOTs,TOTAL,All Commodities,337000000000 ,3.37E+11
2020,2020,X,Zimbabwe,ZWE,World,All CPCs,All MOTs,TOTAL,All Commodities,4394837096 ,4394837097
2019,2019,X,Suriname,SUR,World,All CPCs,All MOTs,TOTAL,All Commodities,1460965557 ,1460965558
2019,2019,X,Eswatini,SWZ,World,All CPCs,All MOTs,TOTAL,All Commodities,2001636601 ,2001636601
2019,2019,X,Sweden,SWE,World,All CPCs,All MOTs,TOTAL,All Commodities,161000000000 ,1.61E+11
2019,2019,X,Switzerland,CHE,World,All CPCs,All MOTs,TOTAL,All Commodities,314000000000 ,3.14E+11
2019,2019,X,Thailand,THA,World,All CPCs,All MOTs,TOTAL,All Commodities,234000000000 ,2.34E+11
2020,2020,X,Switzerland,CHE,World,All CPCs,All MOTs,TOTAL,All Commodities,318000000000 ,3.18E+11
2019,2019,X,Togo,TGO,World,All CPCs,All MOTs,TOTAL,All Commodities,917084613 ,917084613.2
2019,2019,X,United Arab Emirates,ARE,World,All CPCs,All MOTs,TOTAL,All Commodities,389000000000 ,3.89E+11
2019,2019,X,Tunisia,TUN,World,All CPCs,All MOTs,TOTAL,All Commodities,14944087490 ,14944087491
2019,2019,X,Turkey,TUR,World,All CPCs,All MOTs,TOTAL,All Commodities,181000000000 ,1.81E+11
2019,2019,X,North Macedonia,MKD,World,All CPCs,All MOTs,TOTAL,All Commodities,7185964028 ,7185964028
2019,2019,X,Egypt,EGY,World,All CPCs,All MOTs,TOTAL,All Commodities,30632552899 ,30632552900
2020,2020,X,Uganda,UGA,World,All CPCs,All MOTs,TOTAL,All Commodities,4148958329 ,4148958329
2020,2020,X,North Macedonia,MKD,World,All CPCs,All MOTs,TOTAL,All Commodities,6633215704 ,6633215704
2020,2020,X,Egypt,EGY,World,All CPCs,All MOTs,TOTAL,All Commodities,26815144689 ,26815144690
2019,2019,X,United Kingdom,GBR,World,All CPCs,All MOTs,TOTAL,All Commodities,468000000000 ,4.68E+11
2020,2020,X,United Kingdom,GBR,World,All CPCs,All MOTs,TOTAL,All Commodities,400000000000 ,4.00E+11
2019,2019,X,USA,USA,World,All CPCs,All MOTs,TOTAL,All Commodities,1640000000000 ,1.64E+12
2020,2020,X,USA,USA,World,All CPCs,All MOTs,TOTAL,All Commodities,1430000000000 ,1.43E+12
2019,2019,X,Burkina Faso,BFA,World,All CPCs,All MOTs,TOTAL,All Commodities,3263040981 ,3263040982
2019,2019,X,Uruguay,URY,World,All CPCs,All MOTs,TOTAL,All Commodities,7816028429 ,7816028430
2019,2019,X,Uzbekistan,UZB,World,All CPCs,All MOTs,TOTAL,All Commodities,14929506690 ,14929506690
2019,2019,X,Samoa,WSM,World,All CPCs,All MOTs,TOTAL,All Commodities,49272482 ,49272482.14
2019,2019,X,Yemen,YEM,World,All CPCs,All MOTs,TOTAL,All Commodities,23783553 ,23783553.27
2019,2019,X,Zambia,ZMB,World,All CPCs,All MOTs,TOTAL,All Commodities,7029095024 ,7029095024
2020,2020,X,Uruguay,URY,World,All CPCs,All MOTs,TOTAL,All Commodities,6853089373 ,6853089373
2020,2020,X,Uzbekistan,UZB,World,All CPCs,All MOTs,TOTAL,All Commodities,13280562707 ,13280562707
2020,2020,X,Zambia,ZMB,World,All CPCs,All MOTs,TOTAL,All Commodities,7804715294 ,7804715294
