Year,Period,Trade Flow,Reporter,Reporter ISO,Partner,Customs,Mode of Transport,Commodity Code,Commodity,Trade_value,CIF Trade Value (US$),FOB Trade Value (US$)
2015,2015,M,Kiribati,KIR,World,All CPCs,All MOTs,TOTAL,All Commodities,110729035 ,110729035.9,103454846.6
2016,2016,M,Kiribati,KIR,World,All CPCs,All MOTs,TOTAL,All Commodities,117408350 ,117408350,
2016,2016,M,Sao Tome and Principe,STP,World,All CPCs,All MOTs,TOTAL,All Commodities,139352022 ,139352022,
2015,2015,M,Sao Tome and Principe,STP,World,All CPCs,All MOTs,TOTAL,All Commodities,141847245 ,141847245,
2017,2017,M,Sao Tome and Principe,STP,World,All CPCs,All MOTs,TOTAL,All Commodities,147049579 ,147049579.3,
2019,2019,M,Sao Tome and Principe,STP,World,All CPCs,All MOTs,TOTAL,All Commodities,147666945 ,147666945.4,
2018,2018,M,Sao Tome and Principe,STP,World,All CPCs,All MOTs,TOTAL,All Commodities,148305957 ,148305957,
2015,2015,M,Palau,PLW,World,All CPCs,All MOTs,TOTAL,All Commodities,150315857 ,150315857,
2016,2016,M,Palau,PLW,World,All CPCs,All MOTs,TOTAL,All Commodities,153508450 ,153508450,
2018,2018,M,Palau,PLW,World,All CPCs,All MOTs,TOTAL,All Commodities,154412826 ,,154412826.7
2017,2017,M,Palau,PLW,World,All CPCs,All MOTs,TOTAL,All Commodities,157813256 ,,157813256.8
2015,2015,M,Comoros,COM,World,All CPCs,All MOTs,TOTAL,All Commodities,173435745 ,173435745.8,
2016,2016,M,Comoros,COM,World,All CPCs,All MOTs,TOTAL,All Commodities,196288951 ,196288951.6,
2019,2019,M,Comoros,COM,World,All CPCs,All MOTs,TOTAL,All Commodities,201191155 ,201191155.5,
2017,2017,M,Comoros,COM,World,All CPCs,All MOTs,TOTAL,All Commodities,209132422 ,209132422.2,
2018,2018,M,Comoros,COM,World,All CPCs,All MOTs,TOTAL,All Commodities,229710910 ,229710910.8,
2015,2015,M,Saint Kitts and Nevis,KNA,World,All CPCs,All MOTs,TOTAL,All Commodities,297068669 ,297068669.8,
2017,2017,M,Saint Kitts and Nevis,KNA,World,All CPCs,All MOTs,TOTAL,All Commodities,308946849 ,308946849.5,
2017,2017,M,Saint Vincent and the Grenadines,VCT,World,All CPCs,All MOTs,TOTAL,All Commodities,329952436 ,329952436.7,
2015,2015,M,Saint Vincent and the Grenadines,VCT,World,All CPCs,All MOTs,TOTAL,All Commodities,333671111 ,333671111.3,
2016,2016,M,Saint Kitts and Nevis,KNA,World,All CPCs,All MOTs,TOTAL,All Commodities,333779255 ,333779255.8,
2016,2016,M,Saint Vincent and the Grenadines,VCT,World,All CPCs,All MOTs,TOTAL,All Commodities,334767433 ,334767433.1,
2019,2019,M,Saint Vincent and the Grenadines,VCT,World,All CPCs,All MOTs,TOTAL,All Commodities,335230895 ,335230895.7,
2016,2016,M,Samoa,WSM,World,All CPCs,All MOTs,TOTAL,All Commodities,349840565 ,349840565,
2018,2018,M,Saint Vincent and the Grenadines,VCT,World,All CPCs,All MOTs,TOTAL,All Commodities,353627074 ,353627074.3,
2017,2017,M,Samoa,WSM,World,All CPCs,All MOTs,TOTAL,All Commodities,356189844 ,356189844.9,
2018,2018,M,Samoa,WSM,World,All CPCs,All MOTs,TOTAL,All Commodities,362883715 ,362883715.5,
2016,2016,M,Gambia,GMB,World,All CPCs,All MOTs,TOTAL,All Commodities,366403726 ,366403726.5,
2015,2015,M,Samoa,WSM,World,All CPCs,All MOTs,TOTAL,All Commodities,370582374 ,370582374,
2018,2018,M,Central African Rep.,CAF,World,All CPCs,All MOTs,TOTAL,All Commodities,384386438 ,384386438,
2019,2019,M,Samoa,WSM,World,All CPCs,All MOTs,TOTAL,All Commodities,390681506 ,390681506,
2015,2015,M,Gambia,GMB,World,All CPCs,All MOTs,TOTAL,All Commodities,391476421 ,391476421.8,
2016,2016,M,Central African Rep.,CAF,World,All CPCs,All MOTs,TOTAL,All Commodities,401319710 ,401319710,
2017,2017,M,Central African Rep.,CAF,World,All CPCs,All MOTs,TOTAL,All Commodities,418721339 ,418721339.4,
2016,2016,M,Solomon Isds,SLB,World,All CPCs,All MOTs,TOTAL,All Commodities,453853633 ,453853633,
2015,2015,M,Central African Rep.,CAF,World,All CPCs,All MOTs,TOTAL,All Commodities,456596903 ,456596903,
2017,2017,M,Gambia,GMB,World,All CPCs,All MOTs,TOTAL,All Commodities,460705804 ,460705804.3,
2015,2015,M,Antigua and Barbuda,ATG,World,All CPCs,All MOTs,TOTAL,All Commodities,465127071 ,465127071,
2015,2015,M,Solomon Isds,SLB,World,All CPCs,All MOTs,TOTAL,All Commodities,465830232 ,465830232,
2018,2018,M,Gambia,GMB,World,All CPCs,All MOTs,TOTAL,All Commodities,466239674 ,466239674.1,
2016,2016,M,Antigua and Barbuda,ATG,World,All CPCs,All MOTs,TOTAL,All Commodities,490525305 ,490525305,
2019,2019,M,Gambia,GMB,World,All CPCs,All MOTs,TOTAL,All Commodities,494031876 ,494031876.3,
2020,2020,M,Gambia,GMB,World,All CPCs,All MOTs,TOTAL,All Commodities,553142583 ,553142583.4,0
2015,2015,M,Burundi,BDI,World,All CPCs,All MOTs,TOTAL,All Commodities,560585346 ,560585346,
2019,2019,M,Antigua and Barbuda,ATG,World,All CPCs,All MOTs,TOTAL,All Commodities,568340063 ,568340063.2,
2018,2018,M,Antigua and Barbuda,ATG,World,All CPCs,All MOTs,TOTAL,All Commodities,569155190 ,569155191,
2017,2017,M,Solomon Isds,SLB,World,All CPCs,All MOTs,TOTAL,All Commodities,571770024 ,571770024.7,
2015,2015,M,Saint Lucia,LCA,World,All CPCs,All MOTs,TOTAL,All Commodities,583428558 ,583428558,
2017,2017,M,Timor-Leste,TLS,World,All CPCs,All MOTs,TOTAL,All Commodities,588047302 ,588047302.4,
2018,2018,M,Solomon Isds,SLB,World,All CPCs,All MOTs,TOTAL,All Commodities,601388529 ,601388529.2,
2015,2015,M,Cabo Verde,CPV,World,All CPCs,All MOTs,TOTAL,All Commodities,603429928 ,603429928.6,
2019,2019,M,Saint Lucia,LCA,World,All CPCs,All MOTs,TOTAL,All Commodities,623792718 ,623792718.1,
2016,2016,M,Burundi,BDI,World,All CPCs,All MOTs,TOTAL,All Commodities,625328492 ,625328492,
2017,2017,M,Antigua and Barbuda,ATG,World,All CPCs,All MOTs,TOTAL,All Commodities,629819171 ,629819171.9,
2017,2017,M,Saint Lucia,LCA,World,All CPCs,All MOTs,TOTAL,All Commodities,663692157 ,663692157.6,
2015,2015,M,Greenland,GRL,World,All CPCs,All MOTs,TOTAL,All Commodities,666810801 ,666810801.3,
2016,2016,M,Saint Lucia,LCA,World,All CPCs,All MOTs,TOTAL,All Commodities,668503690 ,668503690,
2016,2016,M,Cabo Verde,CPV,World,All CPCs,All MOTs,TOTAL,All Commodities,672160140 ,672160140,
2018,2018,M,Saint Lucia,LCA,World,All CPCs,All MOTs,TOTAL,All Commodities,672941162 ,672941162.7,
2016,2016,M,Greenland,GRL,World,All CPCs,All MOTs,TOTAL,All Commodities,733564078 ,733564078.5,
2017,2017,M,Greenland,GRL,World,All CPCs,All MOTs,TOTAL,All Commodities,760311974 ,760311974.7,
2017,2017,M,Burundi,BDI,World,All CPCs,All MOTs,TOTAL,All Commodities,783299126 ,783299126.1,
2020,2020,M,Belize,BLZ,World,All CPCs,All MOTs,TOTAL,All Commodities,787096516 ,787096516.6,
2019,2019,M,Cabo Verde,CPV,World,All CPCs,All MOTs,TOTAL,All Commodities,789705845 ,789705845.7,
2018,2018,M,Burundi,BDI,World,All CPCs,All MOTs,TOTAL,All Commodities,793512239 ,793512239.5,
2017,2017,M,Cabo Verde,CPV,World,All CPCs,All MOTs,TOTAL,All Commodities,793599019 ,793599019.5,
2018,2018,M,Cabo Verde,CPV,World,All CPCs,All MOTs,TOTAL,All Commodities,814604296 ,814604296.8,
2018,2018,M,Greenland,GRL,World,All CPCs,All MOTs,TOTAL,All Commodities,829150195 ,829150195.2,
2019,2019,M,Burundi,BDI,World,All CPCs,All MOTs,TOTAL,All Commodities,887018854 ,887018854.5,
2017,2017,M,Belize,BLZ,World,All CPCs,All MOTs,TOTAL,All Commodities,913130452 ,913130452.9,
2015,2015,M,Cayman Isds,CYM,World,All CPCs,All MOTs,TOTAL,All Commodities,915454381 ,915454381,
2015,2015,M,Bermuda,BMU,World,All CPCs,All MOTs,TOTAL,All Commodities,928900937 ,928900937,
2020,2020,M,Aruba,ABW,World,All CPCs,All MOTs,TOTAL,All Commodities,939286163 ,939286163.3,0
2016,2016,M,Belize,BLZ,World,All CPCs,All MOTs,TOTAL,All Commodities,952493786 ,952493786,
2018,2018,M,Belize,BLZ,World,All CPCs,All MOTs,TOTAL,All Commodities,957739410 ,957739410.9,
2016,2016,M,Sierra Leone,SLE,World,All CPCs,All MOTs,TOTAL,All Commodities,957927386 ,957927386,
2016,2016,M,Bermuda,BMU,World,All CPCs,All MOTs,TOTAL,All Commodities,971429410 ,971429410,
2015,2015,M,Seychelles,SYC,World,All CPCs,All MOTs,TOTAL,All Commodities,975247806 ,975247806,
2019,2019,M,Belize,BLZ,World,All CPCs,All MOTs,TOTAL,All Commodities,985904343 ,985904343.9,
2018,2018,M,Sierra Leone,SLE,World,All CPCs,All MOTs,TOTAL,All Commodities,986898687 ,986898687.8,
2015,2015,M,Belize,BLZ,World,All CPCs,All MOTs,TOTAL,All Commodities,995560655 ,995560655,
2018,2018,M,Bermuda,BMU,World,All CPCs,All MOTs,TOTAL,All Commodities,1070009014 ,1070009015,
2017,2017,M,Sierra Leone,SLE,World,All CPCs,All MOTs,TOTAL,All Commodities,1073617079 ,1073617079,
2017,2017,M,Bermuda,BMU,World,All CPCs,All MOTs,TOTAL,All Commodities,1078213784 ,1078213785,
2016,2016,M,Aruba,ABW,World,All CPCs,All MOTs,TOTAL,All Commodities,1117122531 ,1117122531,
2019,2019,M,Bermuda,BMU,World,All CPCs,All MOTs,TOTAL,All Commodities,1117764475 ,1117764476,
2018,2018,M,Seychelles,SYC,World,All CPCs,All MOTs,TOTAL,All Commodities,1136551339 ,1136551340,
2015,2015,M,Aruba,ABW,World,All CPCs,All MOTs,TOTAL,All Commodities,1165014285 ,1165014285,
2016,2016,M,Suriname,SUR,World,All CPCs,All MOTs,TOTAL,All Commodities,1174910338 ,1174910339,
2017,2017,M,Aruba,ABW,World,All CPCs,All MOTs,TOTAL,All Commodities,1194654491 ,1194654491,
2017,2017,M,Suriname,SUR,World,All CPCs,All MOTs,TOTAL,All Commodities,1209474441 ,1209474442,
2018,2018,M,Aruba,ABW,World,All CPCs,All MOTs,TOTAL,All Commodities,1257869571 ,1257869571,
2015,2015,M,Andorra,AND,World,All CPCs,All MOTs,TOTAL,All Commodities,1293752873 ,1293752873,
2019,2019,M,Aruba,ABW,World,All CPCs,All MOTs,TOTAL,All Commodities,1320097006 ,1320097007,
2017,2017,M,Seychelles,SYC,World,All CPCs,All MOTs,TOTAL,All Commodities,1348462645 ,1348462645,
2016,2016,M,Andorra,AND,World,All CPCs,All MOTs,TOTAL,All Commodities,1354095936 ,1354095937,
2015,2015,M,Lesotho,LSO,World,All CPCs,All MOTs,TOTAL,All Commodities,1409566400 ,1409566401,
2019,2019,M,Seychelles,SYC,World,All CPCs,All MOTs,TOTAL,All Commodities,1437735992 ,1437735993,
2017,2017,M,Andorra,AND,World,All CPCs,All MOTs,TOTAL,All Commodities,1478292965 ,1478292965,
2015,2015,M,Guyana,GUY,World,All CPCs,All MOTs,TOTAL,All Commodities,1484346603 ,1484346604,
2016,2016,M,Lesotho,LSO,World,All CPCs,All MOTs,TOTAL,All Commodities,1485252104 ,1485252104,
2020,2020,M,Barbados,BRB,World,All CPCs,All MOTs,TOTAL,All Commodities,1500813628 ,1500813629,0
2015,2015,M,Eswatini,SWZ,World,All CPCs,All MOTs,TOTAL,All Commodities,1508409898 ,1508409899,
2015,2015,M,French Polynesia,PYF,World,All CPCs,All MOTs,TOTAL,All Commodities,1526806046 ,1526806046,
2018,2018,M,Suriname,SUR,World,All CPCs,All MOTs,TOTAL,All Commodities,1526897522 ,1526897522,
2016,2016,M,Eswatini,SWZ,World,All CPCs,All MOTs,TOTAL,All Commodities,1536545214 ,1536545214,
2019,2019,M,Barbados,BRB,World,All CPCs,All MOTs,TOTAL,All Commodities,1580842477 ,1580842477,
2017,2017,M,Barbados,BRB,World,All CPCs,All MOTs,TOTAL,All Commodities,1599597494 ,1599597495,
2018,2018,M,Barbados,BRB,World,All CPCs,All MOTs,TOTAL,All Commodities,1599911169 ,1599911169,
2018,2018,M,Andorra,AND,World,All CPCs,All MOTs,TOTAL,All Commodities,1609394249 ,1609394249,
2017,2017,M,Eswatini,SWZ,World,All CPCs,All MOTs,TOTAL,All Commodities,1611784444 ,1611784444,
2015,2015,M,Barbados,BRB,World,All CPCs,All MOTs,TOTAL,All Commodities,1617853172 ,1617853172,
2016,2016,M,Barbados,BRB,World,All CPCs,All MOTs,TOTAL,All Commodities,1621269759 ,1621269759,
2016,2016,M,Guyana,GUY,World,All CPCs,All MOTs,TOTAL,All Commodities,1624985848 ,1624985848,
2017,2017,M,Togo,TGO,World,All CPCs,All MOTs,TOTAL,All Commodities,1635573221 ,1635573222,
2016,2016,M,Seychelles,SYC,World,All CPCs,All MOTs,TOTAL,All Commodities,1647989714 ,1647989714,
2019,2019,M,Suriname,SUR,World,All CPCs,All MOTs,TOTAL,All Commodities,1711449892 ,1711449892,
2016,2016,M,Togo,TGO,World,All CPCs,All MOTs,TOTAL,All Commodities,1732404711 ,1732404712,
2015,2015,M,Sierra Leone,SLE,World,All CPCs,All MOTs,TOTAL,All Commodities,1759408505 ,1759408505,
2017,2017,M,Guyana,GUY,World,All CPCs,All MOTs,TOTAL,All Commodities,1761552833 ,1761552833,
2017,2017,M,Niger,NER,World,All CPCs,All MOTs,TOTAL,All Commodities,1761880629 ,1761880629,
2019,2019,M,Eswatini,SWZ,World,All CPCs,All MOTs,TOTAL,All Commodities,1832435797 ,1832435798,
2019,2019,M,Togo,TGO,World,All CPCs,All MOTs,TOTAL,All Commodities,1844416713 ,1844416714,
2018,2018,M,Eswatini,SWZ,World,All CPCs,All MOTs,TOTAL,All Commodities,1857539457 ,1857539458,
2016,2016,M,Niger,NER,World,All CPCs,All MOTs,TOTAL,All Commodities,1863313329 ,1863313330,
2015,2015,M,Togo,TGO,World,All CPCs,All MOTs,TOTAL,All Commodities,1876936660 ,1876936661,
2015,2015,M,Maldives,MDV,World,All CPCs,All MOTs,TOTAL,All Commodities,1896850040 ,1896850040,
2015,2015,M,Suriname,SUR,World,All CPCs,All MOTs,TOTAL,All Commodities,1904483138 ,1904483139,
2018,2018,M,Togo,TGO,World,All CPCs,All MOTs,TOTAL,All Commodities,1907143990 ,1907143990,
2015,2015,M,Montenegro,MNE,World,All CPCs,All MOTs,TOTAL,All Commodities,2050169682 ,2050169682,
2017,2017,M,Lesotho,LSO,World,All CPCs,All MOTs,TOTAL,All Commodities,2065571364 ,2065571365,
2015,2015,M,Fiji,FJI,World,All CPCs,All MOTs,TOTAL,All Commodities,2080875215 ,2080875215,
2016,2016,M,Maldives,MDV,World,All CPCs,All MOTs,TOTAL,All Commodities,2127968569 ,2127968569,
2015,2015,M,Guinea,GIN,World,All CPCs,All MOTs,TOTAL,All Commodities,2138647793 ,2138647793,
2016,2016,M,Mauritania,MRT,World,All CPCs,All MOTs,TOTAL,All Commodities,2173837838 ,2173837838,
2016,2016,M,Malawi,MWI,World,All CPCs,All MOTs,TOTAL,All Commodities,2209814619 ,2209814620,
2019,2019,M,Congo,COG,World,All CPCs,All MOTs,TOTAL,All Commodities,2242427608 ,2242427609,
2016,2016,M,Montenegro,MNE,World,All CPCs,All MOTs,TOTAL,All Commodities,2282529249 ,2282529250,
2015,2015,M,Malawi,MWI,World,All CPCs,All MOTs,TOTAL,All Commodities,2311614378 ,2311614378,
2016,2016,M,Fiji,FJI,World,All CPCs,All MOTs,TOTAL,All Commodities,2316409857 ,2316409857,
2017,2017,M,Maldives,MDV,World,All CPCs,All MOTs,TOTAL,All Commodities,2359606355 ,2359606355,
2015,2015,M,Rwanda,RWA,World,All CPCs,All MOTs,TOTAL,All Commodities,2370138191 ,2370138192,
2020,2020,M,Montenegro,MNE,World,All CPCs,All MOTs,TOTAL,All Commodities,2394119591 ,2394119592,0
2018,2018,M,Guyana,GUY,World,All CPCs,All MOTs,TOTAL,All Commodities,2400461423 ,2400461423,
2017,2017,M,Fiji,FJI,World,All CPCs,All MOTs,TOTAL,All Commodities,2419936788 ,2419936788,
2015,2015,M,Niger,NER,World,All CPCs,All MOTs,TOTAL,All Commodities,2458340984 ,2458340984,
2015,2015,M,Benin,BEN,World,All CPCs,All MOTs,TOTAL,All Commodities,2474735519 ,2474735519,
2020,2020,M,Guyana,GUY,World,All CPCs,All MOTs,TOTAL,All Commodities,2493678904 ,2493678905,0
2015,2015,M,New Caledonia,NCL,World,All CPCs,All MOTs,TOTAL,All Commodities,2529498893 ,2529498893,
2016,2016,M,Rwanda,RWA,World,All CPCs,All MOTs,TOTAL,All Commodities,2546668712 ,2546668712,
2017,2017,M,Malawi,MWI,World,All CPCs,All MOTs,TOTAL,All Commodities,2547041799 ,2547041799,
2017,2017,M,Montenegro,MNE,World,All CPCs,All MOTs,TOTAL,All Commodities,2610535972 ,2610535972,
2016,2016,M,Benin,BEN,World,All CPCs,All MOTs,TOTAL,All Commodities,2630157599 ,2630157599,
2018,2018,M,Niger,NER,World,All CPCs,All MOTs,TOTAL,All Commodities,2645972973 ,2645972974,
2016,2016,M,Brunei Darussalam,BRN,World,All CPCs,All MOTs,TOTAL,All Commodities,2678505864 ,2678505864,
2017,2017,M,Rwanda,RWA,World,All CPCs,All MOTs,TOTAL,All Commodities,2700353144 ,2700353144,
2018,2018,M,Malawi,MWI,World,All CPCs,All MOTs,TOTAL,All Commodities,2706447071 ,2706447071,
2018,2018,M,Fiji,FJI,World,All CPCs,All MOTs,TOTAL,All Commodities,2719590986 ,2719590986,
2019,2019,M,Fiji,FJI,World,All CPCs,All MOTs,TOTAL,All Commodities,2734304428 ,2734304429,
2018,2018,M,Rwanda,RWA,World,All CPCs,All MOTs,TOTAL,All Commodities,2828104496 ,2828104497,
2019,2019,M,Benin,BEN,World,All CPCs,All MOTs,TOTAL,All Commodities,2904571635 ,2904571635,
2016,2016,M,Bahamas,BHS,World,All CPCs,All MOTs,TOTAL,All Commodities,2930861462 ,2930861462,
2019,2019,M,Malawi,MWI,World,All CPCs,All MOTs,TOTAL,All Commodities,2940940382 ,2940940382,
2015,2015,M,Madagascar,MDG,World,All CPCs,All MOTs,TOTAL,All Commodities,2960905154 ,2960905154,
2018,2018,M,Maldives,MDV,World,All CPCs,All MOTs,TOTAL,All Commodities,2961026844 ,2961026844,2628812789
2016,2016,M,Madagascar,MDG,World,All CPCs,All MOTs,TOTAL,All Commodities,2971710042 ,2971710042,2659591506
2015,2015,M,Burkina Faso,BFA,World,All CPCs,All MOTs,TOTAL,All Commodities,2979784874 ,2979784874,
2018,2018,M,Montenegro,MNE,World,All CPCs,All MOTs,TOTAL,All Commodities,3002864021 ,3002864022,
2017,2017,M,Benin,BEN,World,All CPCs,All MOTs,TOTAL,All Commodities,3060069912 ,3060069913,
2017,2017,M,Brunei Darussalam,BRN,World,All CPCs,All MOTs,TOTAL,All Commodities,3084533899 ,3084533900,
2015,2015,M,Bahamas,BHS,World,All CPCs,All MOTs,TOTAL,All Commodities,3161314272 ,3161314272,
2018,2018,M,Mauritania,MRT,World,All CPCs,All MOTs,TOTAL,All Commodities,3183164116 ,3183164116,
2019,2019,M,Rwanda,RWA,World,All CPCs,All MOTs,TOTAL,All Commodities,3195163442 ,3195163442,
2016,2016,M,Armenia,ARM,World,All CPCs,All MOTs,TOTAL,All Commodities,3218457706 ,3218457706,
2015,2015,M,Brunei Darussalam,BRN,World,All CPCs,All MOTs,TOTAL,All Commodities,3229077312 ,3229077312,
2015,2015,M,Armenia,ARM,World,All CPCs,All MOTs,TOTAL,All Commodities,3256964792 ,3256964792,
2018,2018,M,Benin,BEN,World,All CPCs,All MOTs,TOTAL,All Commodities,3278030278 ,3278030278,
2018,2018,M,Yemen,YEM,World,All CPCs,All MOTs,TOTAL,All Commodities,3309026257 ,3309026258,
2016,2016,M,Mongolia,MNG,World,All CPCs,All MOTs,TOTAL,All Commodities,3339603834 ,3339603834,
2016,2016,M,Burkina Faso,BFA,World,All CPCs,All MOTs,TOTAL,All Commodities,3342727115 ,3342727115,
2016,2016,M,Guinea,GIN,World,All CPCs,All MOTs,TOTAL,All Commodities,3463051094 ,3463051094,
2017,2017,M,Bahamas,BHS,World,All CPCs,All MOTs,TOTAL,All Commodities,3477450224 ,3477450224,
2018,2018,M,Congo,COG,World,All CPCs,All MOTs,TOTAL,All Commodities,3485609079 ,3485609080,
2019,2019,M,Mauritania,MRT,World,All CPCs,All MOTs,TOTAL,All Commodities,3519829183 ,3519829184,
2017,2017,M,Mauritania,MRT,World,All CPCs,All MOTs,TOTAL,All Commodities,3522418198 ,3522418198,
2018,2018,M,Bahamas,BHS,World,All CPCs,All MOTs,TOTAL,All Commodities,3523973184 ,3523973184,
2017,2017,M,Madagascar,MDG,World,All CPCs,All MOTs,TOTAL,All Commodities,3658005536 ,3658005536,3286001585
2015,2015,M,Mauritania,MRT,World,All CPCs,All MOTs,TOTAL,All Commodities,3703430162 ,3703430163,
2017,2017,M,Burkina Faso,BFA,World,All CPCs,All MOTs,TOTAL,All Commodities,3717113992 ,3717113993,
2015,2015,M,Lao People's Dem. Rep.,LAO,World,All CPCs,All MOTs,TOTAL,All Commodities,3778389213 ,3778389213,
2015,2015,M,Mongolia,MNG,World,All CPCs,All MOTs,TOTAL,All Commodities,3796591418 ,3796591418,
2016,2016,M,Kyrgyzstan,KGZ,World,All CPCs,All MOTs,TOTAL,All Commodities,3844473299 ,3844473299,
2016,2016,M,Mali,MLI,World,All CPCs,All MOTs,TOTAL,All Commodities,3845404761 ,3845404761,
2017,2017,M,Armenia,ARM,World,All CPCs,All MOTs,TOTAL,All Commodities,3893454903 ,3893454903,
2019,2019,M,Madagascar,MDG,World,All CPCs,All MOTs,TOTAL,All Commodities,3944263148 ,,3944263148
2015,2015,M,Rep. of Moldova,MDA,World,All CPCs,All MOTs,TOTAL,All Commodities,3986820641 ,3986820641,
2016,2016,M,Rep. of Moldova,MDA,World,All CPCs,All MOTs,TOTAL,All Commodities,4020359283 ,4020359283,
2015,2015,M,Kyrgyzstan,KGZ,World,All CPCs,All MOTs,TOTAL,All Commodities,4068083799 ,4068083799,
2018,2018,M,Madagascar,MDG,World,All CPCs,All MOTs,TOTAL,All Commodities,4081653524 ,4081653525,
2016,2016,M,Lao People's Dem. Rep.,LAO,World,All CPCs,All MOTs,TOTAL,All Commodities,4107068454 ,4107068454,
2018,2018,M,Brunei Darussalam,BRN,World,All CPCs,All MOTs,TOTAL,All Commodities,4164052430 ,4164052431,
2019,2019,M,Burkina Faso,BFA,World,All CPCs,All MOTs,TOTAL,All Commodities,4252948090 ,4252948090,
2018,2018,M,Burkina Faso,BFA,World,All CPCs,All MOTs,TOTAL,All Commodities,4295841213 ,4295841213,
2015,2015,M,Albania,ALB,World,All CPCs,All MOTs,TOTAL,All Commodities,4320219367 ,4320219367,
2017,2017,M,Mali,MLI,World,All CPCs,All MOTs,TOTAL,All Commodities,4336565281 ,4336565282,
2017,2017,M,Mongolia,MNG,World,All CPCs,All MOTs,TOTAL,All Commodities,4337319902 ,4337319902,
2015,2015,M,Mauritius,MUS,World,All CPCs,All MOTs,TOTAL,All Commodities,4458341503 ,4458341503,
2017,2017,M,Kyrgyzstan,KGZ,World,All CPCs,All MOTs,TOTAL,All Commodities,4487291617 ,4487291617,
2020,2020,M,Armenia,ARM,World,All CPCs,All MOTs,TOTAL,All Commodities,4541430452 ,4541430452,0
2017,2017,M,Congo,COG,World,All CPCs,All MOTs,TOTAL,All Commodities,4560299566 ,4560299567,
2016,2016,M,Mauritius,MUS,World,All CPCs,All MOTs,TOTAL,All Commodities,4654466054 ,4654466055,4355778350
2016,2016,M,Albania,ALB,World,All CPCs,All MOTs,TOTAL,All Commodities,4669289913 ,4669289913,
2019,2019,M,Yemen,YEM,World,All CPCs,All MOTs,TOTAL,All Commodities,4715958741 ,4715958741,
2016,2016,M,Jamaica,JAM,World,All CPCs,All MOTs,TOTAL,All Commodities,4767089174 ,4767089174,
2019,2019,M,Zimbabwe,ZWE,World,All CPCs,All MOTs,TOTAL,All Commodities,4787446790 ,4787446791,
2018,2018,M,Armenia,ARM,World,All CPCs,All MOTs,TOTAL,All Commodities,4795917728 ,4795917729,
2016,2016,M,Uganda,UGA,World,All CPCs,All MOTs,TOTAL,All Commodities,4829459128 ,4829459128,
2017,2017,M,Rep. of Moldova,MDA,World,All CPCs,All MOTs,TOTAL,All Commodities,4831414613 ,4831414613,
2016,2016,M,Cameroon,CMR,World,All CPCs,All MOTs,TOTAL,All Commodities,4898887030 ,4898887030,
2017,2017,M,Zimbabwe,ZWE,World,All CPCs,All MOTs,TOTAL,All Commodities,4962102713 ,4962102714,
2019,2019,M,Kyrgyzstan,KGZ,World,All CPCs,All MOTs,TOTAL,All Commodities,4988946048 ,4988946048,
2015,2015,M,Jamaica,JAM,World,All CPCs,All MOTs,TOTAL,All Commodities,4993029814 ,4993029814,
2020,2020,M,Zimbabwe,ZWE,World,All CPCs,All MOTs,TOTAL,All Commodities,5047868606 ,5047868607,0
2019,2019,M,Armenia,ARM,World,All CPCs,All MOTs,TOTAL,All Commodities,5053062293 ,5053062294,
2019,2019,M,Brunei Darussalam,BRN,World,All CPCs,All MOTs,TOTAL,All Commodities,5102674118 ,5102674119,
2017,2017,M,Lao People's Dem. Rep.,LAO,World,All CPCs,All MOTs,TOTAL,All Commodities,5159709477 ,5159709477,
2017,2017,M,Cameroon,CMR,World,All CPCs,All MOTs,TOTAL,All Commodities,5183629302 ,5183629302,
2015,2015,M,State of Palestine,PSE,World,All CPCs,All MOTs,TOTAL,All Commodities,5225466656 ,5225466656,
2017,2017,M,Mauritius,MUS,World,All CPCs,All MOTs,TOTAL,All Commodities,5269484338 ,5269484338,
2015,2015,M,Iceland,ISL,World,All CPCs,All MOTs,TOTAL,All Commodities,5285373474 ,5285373474,
2018,2018,M,Kyrgyzstan,KGZ,World,All CPCs,All MOTs,TOTAL,All Commodities,5291945776 ,5291945776,
2017,2017,M,Albania,ALB,World,All CPCs,All MOTs,TOTAL,All Commodities,5293901931 ,5293901931,
2016,2016,M,Mozambique,MOZ,World,All CPCs,All MOTs,TOTAL,All Commodities,5295312574 ,5295312574,
2020,2020,M,Zambia,ZMB,World,All CPCs,All MOTs,TOTAL,All Commodities,5313729848 ,5313729848,
2017,2017,M,Botswana,BWA,World,All CPCs,All MOTs,TOTAL,All Commodities,5329441519 ,5329441519,
2016,2016,M,Zimbabwe,ZWE,World,All CPCs,All MOTs,TOTAL,All Commodities,5335636736 ,5335636737,
2016,2016,M,State of Palestine,PSE,World,All CPCs,All MOTs,TOTAL,All Commodities,5363768017 ,5363768017,
2016,2016,M,Senegal,SEN,World,All CPCs,All MOTs,TOTAL,All Commodities,5477912190 ,5477912190,
2015,2015,M,Uganda,UGA,World,All CPCs,All MOTs,TOTAL,All Commodities,5528117117 ,5528117117,
2015,2015,M,Senegal,SEN,World,All CPCs,All MOTs,TOTAL,All Commodities,5595354746 ,5595354746,
2017,2017,M,Uganda,UGA,World,All CPCs,All MOTs,TOTAL,All Commodities,5595903639 ,5595903639,
2019,2019,M,Mauritius,MUS,World,All CPCs,All MOTs,TOTAL,All Commodities,5601184454 ,5601184455,5242446497
2018,2018,M,Mauritius,MUS,World,All CPCs,All MOTs,TOTAL,All Commodities,5669326922 ,5669326922,5310655383
2020,2020,M,Iceland,ISL,World,All CPCs,All MOTs,TOTAL,All Commodities,5671277778 ,5671277779,5278040109
2017,2017,M,Mozambique,MOZ,World,All CPCs,All MOTs,TOTAL,All Commodities,5701705181 ,5701705181,5150376968
2016,2016,M,Iceland,ISL,World,All CPCs,All MOTs,TOTAL,All Commodities,5703240191 ,5703240191,
2018,2018,M,Rep. of Moldova,MDA,World,All CPCs,All MOTs,TOTAL,All Commodities,5764281783 ,5764281783,
2019,2019,M,Lao People's Dem. Rep.,LAO,World,All CPCs,All MOTs,TOTAL,All Commodities,5797444591 ,5797444591,
2017,2017,M,Dem. Rep. of the Congo,COD,World,All CPCs,All MOTs,TOTAL,All Commodities,5803107776 ,5803107777,0
2017,2017,M,Jamaica,JAM,World,All CPCs,All MOTs,TOTAL,All Commodities,5818098181 ,5818098181,
2019,2019,M,Rep. of Moldova,MDA,World,All CPCs,All MOTs,TOTAL,All Commodities,5842487249 ,5842487249,
2018,2018,M,Lao People's Dem. Rep.,LAO,World,All CPCs,All MOTs,TOTAL,All Commodities,5848036260 ,5848036260,
2017,2017,M,State of Palestine,PSE,World,All CPCs,All MOTs,TOTAL,All Commodities,5853849921 ,5853849921,
2015,2015,M,Nicaragua,NIC,World,All CPCs,All MOTs,TOTAL,All Commodities,5866297865 ,5866297865,
2018,2018,M,Mongolia,MNG,World,All CPCs,All MOTs,TOTAL,All Commodities,5874787944 ,5874787945,
2018,2018,M,Botswana,BWA,World,All CPCs,All MOTs,TOTAL,All Commodities,5921256033 ,5921256033,
2018,2018,M,Albania,ALB,World,All CPCs,All MOTs,TOTAL,All Commodities,5941286949 ,5941286949,
2019,2019,M,Guyana,GUY,World,All CPCs,All MOTs,TOTAL,All Commodities,5980312022 ,5980312023,
2015,2015,M,Cameroon,CMR,World,All CPCs,All MOTs,TOTAL,All Commodities,6036814820 ,6036814820,
2015,2015,M,Zimbabwe,ZWE,World,All CPCs,All MOTs,TOTAL,All Commodities,6052863157 ,6052863157,
2016,2016,M,Botswana,BWA,World,All CPCs,All MOTs,TOTAL,All Commodities,6102721575 ,6102721575,
2018,2018,M,Jamaica,JAM,World,All CPCs,All MOTs,TOTAL,All Commodities,6125968821 ,6125968822,
2019,2019,M,Mongolia,MNG,World,All CPCs,All MOTs,TOTAL,All Commodities,6127355631 ,6127355632,
2019,2019,M,Jamaica,JAM,World,All CPCs,All MOTs,TOTAL,All Commodities,6339232886 ,6339232887,
2015,2015,M,North Macedonia,MKD,World,All CPCs,All MOTs,TOTAL,All Commodities,6426766740 ,6426766741,
2018,2018,M,Zimbabwe,ZWE,World,All CPCs,All MOTs,TOTAL,All Commodities,6450201802 ,6450201803,
2020,2020,M,Botswana,BWA,World,All CPCs,All MOTs,TOTAL,All Commodities,6503332411 ,6503332411,0
2016,2016,M,Afghanistan,AFG,World,All CPCs,All MOTs,TOTAL,All Commodities,6534140413 ,6534140413,
2018,2018,M,State of Palestine,PSE,World,All CPCs,All MOTs,TOTAL,All Commodities,6539589522 ,6539589522,
2019,2019,M,Botswana,BWA,World,All CPCs,All MOTs,TOTAL,All Commodities,6558523124 ,6558523124,
2015,2015,M,Yemen,YEM,World,All CPCs,All MOTs,TOTAL,All Commodities,6572822909 ,6572822909,
2019,2019,M,Iceland,ISL,World,All CPCs,All MOTs,TOTAL,All Commodities,6579003950 ,6579003950,6163995713
2015,2015,M,Nepal,NPL,World,All CPCs,All MOTs,TOTAL,All Commodities,6612094198 ,6612094198,
2019,2019,M,State of Palestine,PSE,World,All CPCs,All MOTs,TOTAL,All Commodities,6613454128 ,6613454129,
2016,2016,M,Namibia,NAM,World,All CPCs,All MOTs,TOTAL,All Commodities,6721043529 ,6721043529,
2018,2018,M,Uganda,UGA,World,All CPCs,All MOTs,TOTAL,All Commodities,6729436499 ,6729436500,
2017,2017,M,Senegal,SEN,World,All CPCs,All MOTs,TOTAL,All Commodities,6745362014 ,6745362015,
2017,2017,M,Namibia,NAM,World,All CPCs,All MOTs,TOTAL,All Commodities,6778202853 ,6778202854,
2018,2018,M,Mozambique,MOZ,World,All CPCs,All MOTs,TOTAL,All Commodities,6785547384 ,6785547384,6024229579
2015,2015,M,Malta,MLT,World,All CPCs,All MOTs,TOTAL,All Commodities,6788000921 ,6788000921,
2020,2020,M,Namibia,NAM,World,All CPCs,All MOTs,TOTAL,All Commodities,6823461437 ,6823461437,
2017,2017,M,Malta,MLT,World,All CPCs,All MOTs,TOTAL,All Commodities,6827870815 ,6827870816,
2016,2016,M,North Macedonia,MKD,World,All CPCs,All MOTs,TOTAL,All Commodities,6833595255 ,6833595256,
2017,2017,M,Iceland,ISL,World,All CPCs,All MOTs,TOTAL,All Commodities,6970762505 ,6970762505,6540736806
2019,2019,M,Nicaragua,NIC,World,All CPCs,All MOTs,TOTAL,All Commodities,6985507830 ,6985507830,
2015,2015,M,Cyprus,CYP,World,All CPCs,All MOTs,TOTAL,All Commodities,7132831474 ,7132831475,
2016,2016,M,Malta,MLT,World,All CPCs,All MOTs,TOTAL,All Commodities,7181978806 ,7181978806,
2018,2018,M,Malta,MLT,World,All CPCs,All MOTs,TOTAL,All Commodities,7204023522 ,7204023523,
2019,2019,M,Zambia,ZMB,World,All CPCs,All MOTs,TOTAL,All Commodities,7221084744 ,7221084744,
2016,2016,M,Georgia,GEO,World,All CPCs,All MOTs,TOTAL,All Commodities,7235769557 ,7235769557,
2015,2015,M,Georgia,GEO,World,All CPCs,All MOTs,TOTAL,All Commodities,7281258275 ,7281258276,
2016,2016,M,Zambia,ZMB,World,All CPCs,All MOTs,TOTAL,All Commodities,7285867985 ,7285867985,
2018,2018,M,Nicaragua,NIC,World,All CPCs,All MOTs,TOTAL,All Commodities,7351000180 ,7351000181,
2018,2018,M,Afghanistan,AFG,World,All CPCs,All MOTs,TOTAL,All Commodities,7406590324 ,7406590325,
2016,2016,M,Nicaragua,NIC,World,All CPCs,All MOTs,TOTAL,All Commodities,7475805835 ,7475805835,
2020,2020,M,Uruguay,URY,World,All CPCs,All MOTs,TOTAL,All Commodities,7564488840 ,7564488841,0
2019,2019,M,Mozambique,MOZ,World,All CPCs,All MOTs,TOTAL,All Commodities,7638738251 ,7638738252,
2018,2018,M,Iceland,ISL,World,All CPCs,All MOTs,TOTAL,All Commodities,7686033358 ,7686033358,7201127271
2015,2015,M,Namibia,NAM,World,All CPCs,All MOTs,TOTAL,All Commodities,7697157051 ,7697157051,
2017,2017,M,Nicaragua,NIC,World,All CPCs,All MOTs,TOTAL,All Commodities,7703836557 ,7703836558,7141738814
2015,2015,M,Afghanistan,AFG,World,All CPCs,All MOTs,TOTAL,All Commodities,7722865049 ,7722865049,
2017,2017,M,North Macedonia,MKD,World,All CPCs,All MOTs,TOTAL,All Commodities,7730126780 ,7730126781,
2017,2017,M,United Rep. of Tanzania,TZA,World,All CPCs,All MOTs,TOTAL,All Commodities,7765411242 ,7765411242,
2020,2020,M,Senegal,SEN,World,All CPCs,All MOTs,TOTAL,All Commodities,7812455324 ,7812455324,0
2016,2016,M,Cyprus,CYP,World,All CPCs,All MOTs,TOTAL,All Commodities,7867367482 ,7867367482,
2016,2016,M,United Rep. of Tanzania,TZA,World,All CPCs,All MOTs,TOTAL,All Commodities,7876086602 ,7876086602,
2015,2015,M,Mozambique,MOZ,World,All CPCs,All MOTs,TOTAL,All Commodities,7907621609 ,7907621609,
2016,2016,M,Honduras,HND,World,All CPCs,All MOTs,TOTAL,All Commodities,7912040654 ,7912040654,
2018,2018,M,Dem. Rep. of the Congo,COD,World,All CPCs,All MOTs,TOTAL,All Commodities,7930392931 ,7930392932,0
2015,2015,M,Zambia,ZMB,World,All CPCs,All MOTs,TOTAL,All Commodities,7934407098 ,7934407098,
2017,2017,M,Georgia,GEO,World,All CPCs,All MOTs,TOTAL,All Commodities,7943301503 ,7943301503,
2017,2017,M,Zambia,ZMB,World,All CPCs,All MOTs,TOTAL,All Commodities,7981976758 ,7981976758,
2015,2015,M,Botswana,BWA,World,All CPCs,All MOTs,TOTAL,All Commodities,8048007054 ,8048007055,
2018,2018,M,Senegal,SEN,World,All CPCs,All MOTs,TOTAL,All Commodities,8071410856 ,8071410856,7302357026
2019,2019,M,Namibia,NAM,World,All CPCs,All MOTs,TOTAL,All Commodities,8086034607 ,8086034607,7177844663
2016,2016,M,Uruguay,URY,World,All CPCs,All MOTs,TOTAL,All Commodities,8136629138 ,8136629138,
2019,2019,M,Senegal,SEN,World,All CPCs,All MOTs,TOTAL,All Commodities,8143734073 ,8143734074,
2019,2019,M,Malta,MLT,World,All CPCs,All MOTs,TOTAL,All Commodities,8211008645 ,8211008645,
2020,2020,M,Uganda,UGA,World,All CPCs,All MOTs,TOTAL,All Commodities,8250512382 ,8250512382,0
2018,2018,M,Namibia,NAM,World,All CPCs,All MOTs,TOTAL,All Commodities,8288940141 ,8288940141,
2019,2019,M,Uruguay,URY,World,All CPCs,All MOTs,TOTAL,All Commodities,8313647005 ,8313647006,
2015,2015,M,Honduras,HND,World,All CPCs,All MOTs,TOTAL,All Commodities,8380670716 ,8380670716,
2015,2015,M,Sudan,SDN,World,All CPCs,All MOTs,TOTAL,All Commodities,8413439462 ,8413439462,
2017,2017,M,Uruguay,URY,World,All CPCs,All MOTs,TOTAL,All Commodities,8457876667 ,8457876668,7910514824
2016,2016,M,Azerbaijan,AZE,World,All CPCs,All MOTs,TOTAL,All Commodities,8472499915 ,8472499916,
2016,2016,M,Bolivia (Plurinational State of),BOL,World,All CPCs,All MOTs,TOTAL,All Commodities,8515081051 ,8515081051,7941429246
2018,2018,M,United Rep. of Tanzania,TZA,World,All CPCs,All MOTs,TOTAL,All Commodities,8553677024 ,8553677024,
2019,2019,M,Afghanistan,AFG,World,All CPCs,All MOTs,TOTAL,All Commodities,8568013876 ,8568013877,0
2016,2016,M,-lvory Coast,CIV,World,All CPCs,All MOTs,TOTAL,All Commodities,8581376965 ,8581376965,
2017,2017,M,Honduras,HND,World,All CPCs,All MOTs,TOTAL,All Commodities,8612241191 ,8612241192,8286426448
2020,2020,M,North Macedonia,MKD,World,All CPCs,All MOTs,TOTAL,All Commodities,8709069348 ,8709069349,
2017,2017,M,Azerbaijan,AZE,World,All CPCs,All MOTs,TOTAL,All Commodities,8767799111 ,8767799112,
2019,2019,M,Dem. Rep. of the Congo,COD,World,All CPCs,All MOTs,TOTAL,All Commodities,8824801939 ,8824801939,0
2016,2016,M,Nepal,NPL,World,All CPCs,All MOTs,TOTAL,All Commodities,8878502224 ,8878502225,
2018,2018,M,Uruguay,URY,World,All CPCs,All MOTs,TOTAL,All Commodities,8893245997 ,8893245998,8304818845
2016,2016,M,"China, Macao SAR",MAC,World,All CPCs,All MOTs,TOTAL,All Commodities,8924463347 ,8924463347,
2015,2015,M,Bosnia Herzegovina,BIH,World,All CPCs,All MOTs,TOTAL,All Commodities,8993966160 ,8993966160,
2018,2018,M,North Macedonia,MKD,World,All CPCs,All MOTs,TOTAL,All Commodities,9051677474 ,9051677474,
2018,2018,M,Georgia,GEO,World,All CPCs,All MOTs,TOTAL,All Commodities,9136019447 ,9136019448,
2016,2016,M,Bosnia Herzegovina,BIH,World,All CPCs,All MOTs,TOTAL,All Commodities,9141880413 ,9141880413,
2019,2019,M,Honduras,HND,World,All CPCs,All MOTs,TOTAL,All Commodities,9156168376 ,9156168377,
2019,2019,M,Cyprus,CYP,World,All CPCs,All MOTs,TOTAL,All Commodities,9179162817 ,9179162817,
2015,2015,M,Azerbaijan,AZE,World,All CPCs,All MOTs,TOTAL,All Commodities,9214281379 ,9214281379,
2016,2016,M,Panama,PAN,World,All CPCs,All MOTs,TOTAL,All Commodities,9238038728 ,9238038728,
2017,2017,M,Libya,LBY,World,All CPCs,All MOTs,TOTAL,All Commodities,9253728381 ,9253728381,
2015,2015,M,Trinidad and Tobago,TTO,World,All CPCs,All MOTs,TOTAL,All Commodities,9297808590 ,9297808590,
2017,2017,M,Bolivia (Plurinational State of),BOL,World,All CPCs,All MOTs,TOTAL,All Commodities,9302385887 ,9302385888,8653815506
2017,2017,M,Cyprus,CYP,World,All CPCs,All MOTs,TOTAL,All Commodities,9308162125 ,9308162126,
2018,2018,M,Honduras,HND,World,All CPCs,All MOTs,TOTAL,All Commodities,9427941451 ,9427941452,
2018,2018,M,Zambia,ZMB,World,All CPCs,All MOTs,TOTAL,All Commodities,9462438634 ,9462438635,
2019,2019,M,North Macedonia,MKD,World,All CPCs,All MOTs,TOTAL,All Commodities,9470285509 ,9470285509,
2015,2015,M,Uruguay,URY,World,All CPCs,All MOTs,TOTAL,All Commodities,9489416542 ,9489416542,
2019,2019,M,Georgia,GEO,World,All CPCs,All MOTs,TOTAL,All Commodities,9516910383 ,9516910384,
2017,2017,M,-lvory Coast,CIV,World,All CPCs,All MOTs,TOTAL,All Commodities,9613803703 ,9613803704,
2016,2016,M,Paraguay,PRY,World,All CPCs,All MOTs,TOTAL,All Commodities,9750225849 ,9750225849,
2016,2016,M,El Salvador,SLV,World,All CPCs,All MOTs,TOTAL,All Commodities,9825783205 ,9825783206,
2015,2015,M,Bolivia (Plurinational State of),BOL,World,All CPCs,All MOTs,TOTAL,All Commodities,9843076578 ,9843076579,9187356653
2020,2020,M,Bosnia Herzegovina,BIH,World,All CPCs,All MOTs,TOTAL,All Commodities,9867492472 ,9867492472,0
2017,2017,M,Nepal,NPL,World,All CPCs,All MOTs,TOTAL,All Commodities,10037840171 ,10037840172,
2018,2018,M,Bolivia (Plurinational State of),BOL,World,All CPCs,All MOTs,TOTAL,All Commodities,10044646994 ,10044646995,9380446298
2016,2016,M,Sudan,SDN,World,All CPCs,All MOTs,TOTAL,All Commodities,10275537136 ,10275537136,
2017,2017,M,Sudan,SDN,World,All CPCs,All MOTs,TOTAL,All Commodities,10276864989 ,10276864989,
2015,2015,M,Paraguay,PRY,World,All CPCs,All MOTs,TOTAL,All Commodities,10291213118 ,10291213118,9529305219
2015,2015,M,El Salvador,SLV,World,All CPCs,All MOTs,TOTAL,All Commodities,10293395314 ,10293395315,
2015,2015,M,Panama,PAN,World,All CPCs,All MOTs,TOTAL,All Commodities,10374517098 ,10374517098,
2015,2015,M,-lvory Coast,CIV,World,All CPCs,All MOTs,TOTAL,All Commodities,10405703104 ,10405703105,
2019,2019,M,Ghana,GHA,World,All CPCs,All MOTs,TOTAL,All Commodities,10439795453 ,10439795453,
2016,2016,M,Libya,LBY,World,All CPCs,All MOTs,TOTAL,All Commodities,10448764403 ,10448764404,
2017,2017,M,Bosnia Herzegovina,BIH,World,All CPCs,All MOTs,TOTAL,All Commodities,10474058771 ,10474058771,
2019,2019,M,-lvory Coast,CIV,World,All CPCs,All MOTs,TOTAL,All Commodities,10482560553 ,10482560553,
2018,2018,M,Sudan,SDN,World,All CPCs,All MOTs,TOTAL,All Commodities,10483740855 ,10483740855,
2015,2015,M,Congo,COG,World,All CPCs,All MOTs,TOTAL,All Commodities,10549678920 ,10549678920,
2017,2017,M,El Salvador,SLV,World,All CPCs,All MOTs,TOTAL,All Commodities,10571509382 ,10571509383,
2020,2020,M,El Salvador,SLV,World,All CPCs,All MOTs,TOTAL,All Commodities,10593723196 ,10593723197,
2015,2015,M,"China, Macao SAR",MAC,World,All CPCs,All MOTs,TOTAL,All Commodities,10602579550 ,10602579550,
2015,2015,M,Cambodia,KHM,World,All CPCs,All MOTs,TOTAL,All Commodities,10668923431 ,10668923431,
2020,2020,M,Azerbaijan,AZE,World,All CPCs,All MOTs,TOTAL,All Commodities,10729787219 ,10729787220,0
2018,2018,M,Cyprus,CYP,World,All CPCs,All MOTs,TOTAL,All Commodities,10812572215 ,10812572216,
2018,2018,M,-lvory Coast,CIV,World,All CPCs,All MOTs,TOTAL,All Commodities,10969606774 ,10969606775,
2019,2019,M,Bosnia Herzegovina,BIH,World,All CPCs,All MOTs,TOTAL,All Commodities,11159040331 ,11159040332,
2016,2016,M,Congo,COG,World,All CPCs,All MOTs,TOTAL,All Commodities,11270348869 ,11270348869,
2016,2016,M,Ghana,GHA,World,All CPCs,All MOTs,TOTAL,All Commodities,11361004402 ,11361004402,
2018,2018,M,Azerbaijan,AZE,World,All CPCs,All MOTs,TOTAL,All Commodities,11460337555 ,11460337555,
2018,2018,M,Bosnia Herzegovina,BIH,World,All CPCs,All MOTs,TOTAL,All Commodities,11629555025 ,11629555026,
2018,2018,M,El Salvador,SLV,World,All CPCs,All MOTs,TOTAL,All Commodities,11829783403 ,11829783403,
2017,2017,M,Paraguay,PRY,World,All CPCs,All MOTs,TOTAL,All Commodities,11873407129 ,11873407129,11026113845
2018,2018,M,Ghana,GHA,World,All CPCs,All MOTs,TOTAL,All Commodities,11880470763 ,11880470763,
2020,2020,M,"China, Macao SAR",MAC,World,All CPCs,All MOTs,TOTAL,All Commodities,11950497157 ,11950497157,
2019,2019,M,El Salvador,SLV,World,All CPCs,All MOTs,TOTAL,All Commodities,12017559344 ,12017559345,
2019,2019,M,"China, Macao SAR",MAC,World,All CPCs,All MOTs,TOTAL,All Commodities,12024018851 ,12024018851,
2017,2017,M,Uzbekistan,UZB,World,All CPCs,All MOTs,TOTAL,All Commodities,12034948143 ,12034948143,
2018,2018,M,"China, Macao SAR",MAC,World,All CPCs,All MOTs,TOTAL,All Commodities,12068649824 ,12068649824,
2019,2019,M,Paraguay,PRY,World,All CPCs,All MOTs,TOTAL,All Commodities,12187394825 ,12187394825,
2016,2016,M,Cambodia,KHM,World,All CPCs,All MOTs,TOTAL,All Commodities,12371008437 ,12371008437,
2017,2017,M,Ghana,GHA,World,All CPCs,All MOTs,TOTAL,All Commodities,12718141844 ,12718141844,
2018,2018,M,Paraguay,PRY,World,All CPCs,All MOTs,TOTAL,All Commodities,13336020989 ,13336020989,12435280009
2018,2018,M,Libya,LBY,World,All CPCs,All MOTs,TOTAL,All Commodities,13472909218 ,13472909218,
2019,2019,M,Azerbaijan,AZE,World,All CPCs,All MOTs,TOTAL,All Commodities,13649506476 ,13649506476,0
2016,2016,M,Latvia,LVA,World,All CPCs,All MOTs,TOTAL,All Commodities,13736506776 ,13736506777,
2015,2015,M,Latvia,LVA,World,All CPCs,All MOTs,TOTAL,All Commodities,14095807354 ,14095807355,
2016,2016,M,Kenya,KEN,World,All CPCs,All MOTs,TOTAL,All Commodities,14113435915 ,14113435916,
2017,2017,M,Cambodia,KHM,World,All CPCs,All MOTs,TOTAL,All Commodities,14283414116 ,14283414116,
2016,2016,M,Angola,AGO,World,All CPCs,All MOTs,TOTAL,All Commodities,14347710497 ,14347710498,
2015,2015,M,Ghana,GHA,World,All CPCs,All MOTs,TOTAL,All Commodities,14687476669 ,14687476669,
2015,2015,M,United Rep. of Tanzania,TZA,World,All CPCs,All MOTs,TOTAL,All Commodities,14705968733 ,14705968733,
2016,2016,M,Bahrain,BHR,World,All CPCs,All MOTs,TOTAL,All Commodities,14748516726 ,14748516727,
2018,2018,M,Ethiopia,ETH,World,All CPCs,All MOTs,TOTAL,All Commodities,14985595756 ,14985595757,
2016,2016,M,Costa Rica,CRI,World,All CPCs,All MOTs,TOTAL,All Commodities,15321512292 ,15321512292,
2020,2020,M,Kenya,KEN,World,All CPCs,All MOTs,TOTAL,All Commodities,15405370570 ,15405370571,
2017,2017,M,Angola,AGO,World,All CPCs,All MOTs,TOTAL,All Commodities,15462313478 ,15462313478,14164367582
2015,2015,M,Costa Rica,CRI,World,All CPCs,All MOTs,TOTAL,All Commodities,15504422756 ,15504422756,
2016,2016,M,Estonia,EST,World,All CPCs,All MOTs,TOTAL,All Commodities,15682263347 ,15682263348,
2016,2016,M,Myanmar,MMR,World,All CPCs,All MOTs,TOTAL,All Commodities,15695737666 ,15695737667,
2015,2015,M,Estonia,EST,World,All CPCs,All MOTs,TOTAL,All Commodities,15731849158 ,15731849158,
2017,2017,M,Ethiopia,ETH,World,All CPCs,All MOTs,TOTAL,All Commodities,15758882146 ,15758882147,
2018,2018,M,Angola,AGO,World,All CPCs,All MOTs,TOTAL,All Commodities,16036479575 ,16036479575,
2017,2017,M,Latvia,LVA,World,All CPCs,All MOTs,TOTAL,All Commodities,16053149440 ,16053149440,
2015,2015,M,Kenya,KEN,World,All CPCs,All MOTs,TOTAL,All Commodities,16058041798 ,16058041799,
2019,2019,M,Costa Rica,CRI,World,All CPCs,All MOTs,TOTAL,All Commodities,16106274382 ,16106274382,
2016,2016,M,Ecuador,ECU,World,All CPCs,All MOTs,TOTAL,All Commodities,16188692759 ,16188692759,
2017,2017,M,Costa Rica,CRI,World,All CPCs,All MOTs,TOTAL,All Commodities,16352350364 ,16352350364,
2015,2015,M,Bahrain,BHR,World,All CPCs,All MOTs,TOTAL,All Commodities,16389939722 ,16389939723,
2018,2018,M,Costa Rica,CRI,World,All CPCs,All MOTs,TOTAL,All Commodities,16563019255 ,16563019256,
2017,2017,M,Kenya,KEN,World,All CPCs,All MOTs,TOTAL,All Commodities,16690197046 ,16690197047,
2015,2015,M,Myanmar,MMR,World,All CPCs,All MOTs,TOTAL,All Commodities,16913265487 ,16913265488,
2016,2016,M,Guatemala,GTM,World,All CPCs,All MOTs,TOTAL,All Commodities,16978677827 ,16978677827,
2020,2020,M,Latvia,LVA,World,All CPCs,All MOTs,TOTAL,All Commodities,17200863605 ,17200863606,0
2019,2019,M,Kenya,KEN,World,All CPCs,All MOTs,TOTAL,All Commodities,17210001018 ,17210001018,
2018,2018,M,Uzbekistan,UZB,World,All CPCs,All MOTs,TOTAL,All Commodities,17313951650 ,17313951651,
2015,2015,M,Dominican Rep.,DOM,World,All CPCs,All MOTs,TOTAL,All Commodities,17347815271 ,17347815271,
2017,2017,M,Estonia,EST,World,All CPCs,All MOTs,TOTAL,All Commodities,17372913325 ,17372913326,
2018,2018,M,Kenya,KEN,World,All CPCs,All MOTs,TOTAL,All Commodities,17376721272 ,17376721272,
2017,2017,M,Bahrain,BHR,World,All CPCs,All MOTs,TOTAL,All Commodities,17390888016 ,17390888017,
2016,2016,M,Ethiopia,ETH,World,All CPCs,All MOTs,TOTAL,All Commodities,17451145266 ,17451145266,
2018,2018,M,Cambodia,KHM,World,All CPCs,All MOTs,TOTAL,All Commodities,17489096677 ,17489096677,
2015,2015,M,Guatemala,GTM,World,All CPCs,All MOTs,TOTAL,All Commodities,17637088553 ,17637088553,
2015,2015,M,Ethiopia,ETH,World,All CPCs,All MOTs,TOTAL,All Commodities,17685578211 ,17685578212,
2020,2020,M,Estonia,EST,World,All CPCs,All MOTs,TOTAL,All Commodities,17751673513 ,17751673513,0
2019,2019,M,Latvia,LVA,World,All CPCs,All MOTs,TOTAL,All Commodities,17767574788 ,17767574789,
2016,2016,M,Dominican Rep.,DOM,World,All CPCs,All MOTs,TOTAL,All Commodities,17788807960 ,17788807960,
2020,2020,M,Guatemala,GTM,World,All CPCs,All MOTs,TOTAL,All Commodities,18197563571 ,18197563571,0
2015,2015,M,Serbia,SRB,World,All CPCs,All MOTs,TOTAL,All Commodities,18210171281 ,18210171281,
2017,2017,M,Guatemala,GTM,World,All CPCs,All MOTs,TOTAL,All Commodities,18377914375 ,18377914375,
2019,2019,M,Myanmar,MMR,World,All CPCs,All MOTs,TOTAL,All Commodities,18577866972 ,18577866973,
2015,2015,M,Lebanon,LBN,World,All CPCs,All MOTs,TOTAL,All Commodities,18599766657 ,18599766658,
2018,2018,M,Latvia,LVA,World,All CPCs,All MOTs,TOTAL,All Commodities,18612965523 ,18612965523,
2019,2019,M,Estonia,EST,World,All CPCs,All MOTs,TOTAL,All Commodities,18664163270 ,18664163270,
2016,2016,M,Lebanon,LBN,World,All CPCs,All MOTs,TOTAL,All Commodities,18702745744 ,18702745744,
2015,2015,M,Sri Lanka,LKA,World,All CPCs,All MOTs,TOTAL,All Commodities,18967230642 ,18967230642,
2016,2016,M,Luxembourg,LUX,World,All CPCs,All MOTs,TOTAL,All Commodities,19123618193 ,19123618193,
2016,2016,M,Jordan,JOR,World,All CPCs,All MOTs,TOTAL,All Commodities,19207038414 ,19207038414,
2016,2016,M,Serbia,SRB,World,All CPCs,All MOTs,TOTAL,All Commodities,19230912776 ,19230912776,
2017,2017,M,Myanmar,MMR,World,All CPCs,All MOTs,TOTAL,All Commodities,19253455102 ,19253455103,
2015,2015,M,Luxembourg,LUX,World,All CPCs,All MOTs,TOTAL,All Commodities,19296337662 ,19296337662,
2019,2019,M,Jordan,JOR,World,All CPCs,All MOTs,TOTAL,All Commodities,19336708718 ,19336708718,
2018,2018,M,Myanmar,MMR,World,All CPCs,All MOTs,TOTAL,All Commodities,19353892913 ,19353892913,0
2016,2016,M,Tunisia,TUN,World,All CPCs,All MOTs,TOTAL,All Commodities,19487207662 ,19487207662,
2016,2016,M,Sri Lanka,LKA,World,All CPCs,All MOTs,TOTAL,All Commodities,19500757049 ,19500757049,
2017,2017,M,Dominican Rep.,DOM,World,All CPCs,All MOTs,TOTAL,All Commodities,19524253471 ,19524253471,18085918949
2017,2017,M,Lebanon,LBN,World,All CPCs,All MOTs,TOTAL,All Commodities,19586709383 ,19586709383,
2018,2018,M,Guatemala,GTM,World,All CPCs,All MOTs,TOTAL,All Commodities,19643972138 ,19643972138,
2018,2018,M,Estonia,EST,World,All CPCs,All MOTs,TOTAL,All Commodities,19826320836 ,19826320837,
2017,2017,M,Ecuador,ECU,World,All CPCs,All MOTs,TOTAL,All Commodities,19844243617 ,19844243618,18876532279
2019,2019,M,Guatemala,GTM,World,All CPCs,All MOTs,TOTAL,All Commodities,19870650527 ,19870650527,
2018,2018,M,Lebanon,LBN,World,All CPCs,All MOTs,TOTAL,All Commodities,19982944051 ,19982944051,
2020,2020,M,Uzbekistan,UZB,World,All CPCs,All MOTs,TOTAL,All Commodities,20020135797 ,20020135798,
2015,2015,M,Tunisia,TUN,World,All CPCs,All MOTs,TOTAL,All Commodities,20222503107 ,20222503107,
2019,2019,M,Ecuador,ECU,World,All CPCs,All MOTs,TOTAL,All Commodities,20277091794 ,20277091794,
2019,2019,M,Cambodia,KHM,World,All CPCs,All MOTs,TOTAL,All Commodities,20278818286 ,20278818286,
2018,2018,M,Jordan,JOR,World,All CPCs,All MOTs,TOTAL,All Commodities,20309900969 ,20309900969,
2017,2017,M,Jordan,JOR,World,All CPCs,All MOTs,TOTAL,All Commodities,20407329339 ,20407329340,
2015,2015,M,Jordan,JOR,World,All CPCs,All MOTs,TOTAL,All Commodities,20474908862 ,20474908862,
2015,2015,M,Croatia,HRV,World,All CPCs,All MOTs,TOTAL,All Commodities,20580470841 ,20580470841,
2018,2018,M,Bahrain,BHR,World,All CPCs,All MOTs,TOTAL,All Commodities,20597535923 ,20597535924,
2020,2020,M,Luxembourg,LUX,World,All CPCs,All MOTs,TOTAL,All Commodities,20609617814 ,20609617814,20262531968
2017,2017,M,Tunisia,TUN,World,All CPCs,All MOTs,TOTAL,All Commodities,20618072727 ,20618072728,
2017,2017,M,Luxembourg,LUX,World,All CPCs,All MOTs,TOTAL,All Commodities,21055130454 ,21055130454,
2017,2017,M,Sri Lanka,LKA,World,All CPCs,All MOTs,TOTAL,All Commodities,21316199950 ,21316199950,
2015,2015,M,Ecuador,ECU,World,All CPCs,All MOTs,TOTAL,All Commodities,21387292074 ,21387292074,
2015,2015,M,Angola,AGO,World,All CPCs,All MOTs,TOTAL,All Commodities,21549256530 ,21549256531,19621708638
2019,2019,M,Tunisia,TUN,World,All CPCs,All MOTs,TOTAL,All Commodities,21573846826 ,21573846827,
2016,2016,M,Croatia,HRV,World,All CPCs,All MOTs,TOTAL,All Commodities,21829864971 ,21829864971,
2019,2019,M,Uzbekistan,UZB,World,All CPCs,All MOTs,TOTAL,All Commodities,21867269545 ,21867269545,
2017,2017,M,Panama,PAN,World,All CPCs,All MOTs,TOTAL,All Commodities,21934113569 ,21934113569,
2017,2017,M,Serbia,SRB,World,All CPCs,All MOTs,TOTAL,All Commodities,22146377217 ,22146377217,
2018,2018,M,Dominican Rep.,DOM,World,All CPCs,All MOTs,TOTAL,All Commodities,22181079864 ,22181079865,
2019,2019,M,Luxembourg,LUX,World,All CPCs,All MOTs,TOTAL,All Commodities,22673692574 ,22673692574,22331043787
2018,2018,M,Tunisia,TUN,World,All CPCs,All MOTs,TOTAL,All Commodities,22694713774 ,22694713775,
2018,2018,M,Luxembourg,LUX,World,All CPCs,All MOTs,TOTAL,All Commodities,23011791533 ,23011791533,22684953864
2018,2018,M,Ecuador,ECU,World,All CPCs,All MOTs,TOTAL,All Commodities,23019652623 ,23019652624,21956641691
2016,2016,M,Oman,OMN,World,All CPCs,All MOTs,TOTAL,All Commodities,23147559849 ,23147559849,
2017,2017,M,Croatia,HRV,World,All CPCs,All MOTs,TOTAL,All Commodities,24608731979 ,24608731979,
2016,2016,M,Kazakhstan,KAZ,World,All CPCs,All MOTs,TOTAL,All Commodities,25174778826 ,25174778826,
2018,2018,M,Oman,OMN,World,All CPCs,All MOTs,TOTAL,All Commodities,25770092486 ,25770092487,
2015,2015,M,Slovenia,SVN,World,All CPCs,All MOTs,TOTAL,All Commodities,25870229469 ,25870229469,
2018,2018,M,Serbia,SRB,World,All CPCs,All MOTs,TOTAL,All Commodities,25882635269 ,25882635269,24951258242
2020,2020,M,Croatia,HRV,World,All CPCs,All MOTs,TOTAL,All Commodities,25986635396 ,25986635396,0
2020,2020,M,Serbia,SRB,World,All CPCs,All MOTs,TOTAL,All Commodities,26227510882 ,26227510882,25189841944
2017,2017,M,Oman,OMN,World,All CPCs,All MOTs,TOTAL,All Commodities,26434873449 ,26434873449,
2016,2016,M,Slovenia,SVN,World,All CPCs,All MOTs,TOTAL,All Commodities,26690369758 ,26690369758,
2019,2019,M,Serbia,SRB,World,All CPCs,All MOTs,TOTAL,All Commodities,26730093636 ,26730093636,25604384724
2016,2016,M,Lithuania,LTU,World,All CPCs,All MOTs,TOTAL,All Commodities,27391399189 ,27391399190,
2016,2016,M,Belarus,BLR,World,All CPCs,All MOTs,TOTAL,All Commodities,27609883700 ,27609883700,
2019,2019,M,Croatia,HRV,World,All CPCs,All MOTs,TOTAL,All Commodities,28004414329 ,28004414329,
2018,2018,M,Croatia,HRV,World,All CPCs,All MOTs,TOTAL,All Commodities,28113089203 ,28113089203,
2015,2015,M,Lithuania,LTU,World,All CPCs,All MOTs,TOTAL,All Commodities,28176441602 ,28176441602,
2016,2016,M,Bulgaria,BGR,World,All CPCs,All MOTs,TOTAL,All Commodities,28958139912 ,28958139913,
2015,2015,M,Oman,OMN,World,All CPCs,All MOTs,TOTAL,All Commodities,29007019875 ,29007019876,
2019,2019,M,Qatar,QAT,World,All CPCs,All MOTs,TOTAL,All Commodities,29178064574 ,29178064574,
2015,2015,M,Bulgaria,BGR,World,All CPCs,All MOTs,TOTAL,All Commodities,29265116176 ,29265116176,
2017,2017,M,Kazakhstan,KAZ,World,All CPCs,All MOTs,TOTAL,All Commodities,29599360478 ,29599360479,
2017,2017,M,Qatar,QAT,World,All CPCs,All MOTs,TOTAL,All Commodities,29896356991 ,29896356991,
2015,2015,M,Belarus,BLR,World,All CPCs,All MOTs,TOTAL,All Commodities,30291492800 ,30291492800,
2015,2015,M,Kazakhstan,KAZ,World,All CPCs,All MOTs,TOTAL,All Commodities,30567159492 ,30567159492,
2016,2016,M,Kuwait,KWT,World,All CPCs,All MOTs,TOTAL,All Commodities,30784103261 ,30784103261,
2015,2015,M,Kuwait,KWT,World,All CPCs,All MOTs,TOTAL,All Commodities,30957201416 ,30957201417,
2017,2017,M,Lithuania,LTU,World,All CPCs,All MOTs,TOTAL,All Commodities,30978718199 ,30978718200,
2017,2017,M,Slovenia,SVN,World,All CPCs,All MOTs,TOTAL,All Commodities,31149443532 ,31149443533,
2017,2017,M,Nigeria,NGA,World,All CPCs,All MOTs,TOTAL,All Commodities,31270090265 ,31270090265,
2018,2018,M,Qatar,QAT,World,All CPCs,All MOTs,TOTAL,All Commodities,31695930258 ,31695930259,
2016,2016,M,Qatar,QAT,World,All CPCs,All MOTs,TOTAL,All Commodities,32060032933 ,32060032933,
2015,2015,M,Qatar,QAT,World,All CPCs,All MOTs,TOTAL,All Commodities,32610463580 ,32610463580,
2020,2020,M,Lithuania,LTU,World,All CPCs,All MOTs,TOTAL,All Commodities,33125303632 ,33125303632,
2019,2019,M,Kuwait,KWT,World,All CPCs,All MOTs,TOTAL,All Commodities,33530892789 ,33530892789,
2017,2017,M,Kuwait,KWT,World,All CPCs,All MOTs,TOTAL,All Commodities,33597829177 ,33597829177,
2018,2018,M,Kazakhstan,KAZ,World,All CPCs,All MOTs,TOTAL,All Commodities,33658429453 ,33658429453,
2015,2015,M,Nigeria,NGA,World,All CPCs,All MOTs,TOTAL,All Commodities,33830878655 ,33830878655,
2017,2017,M,Belarus,BLR,World,All CPCs,All MOTs,TOTAL,All Commodities,34234849200 ,34234849200,
2017,2017,M,Bulgaria,BGR,World,All CPCs,All MOTs,TOTAL,All Commodities,34263590069 ,34263590070,
2016,2016,M,Nigeria,NGA,World,All CPCs,All MOTs,TOTAL,All Commodities,35194301007 ,35194301007,
2019,2019,M,Lithuania,LTU,World,All CPCs,All MOTs,TOTAL,All Commodities,35759415639 ,35759415639,
2018,2018,M,Kuwait,KWT,World,All CPCs,All MOTs,TOTAL,All Commodities,35866655317 ,35866655317,
2016,2016,M,Peru,PER,World,All CPCs,All MOTs,TOTAL,All Commodities,36147726687 ,36147726688,34291179804
2016,2016,M,New Zealand,NZL,World,All CPCs,All MOTs,TOTAL,All Commodities,36213017538 ,36213017538,
2018,2018,M,Slovenia,SVN,World,All CPCs,All MOTs,TOTAL,All Commodities,36267337521 ,36267337522,
2018,2018,M,Lithuania,LTU,World,All CPCs,All MOTs,TOTAL,All Commodities,36501414404 ,36501414405,
2015,2015,M,New Zealand,NZL,World,All CPCs,All MOTs,TOTAL,All Commodities,36528318327 ,36528318328,
2020,2020,M,New Zealand,NZL,World,All CPCs,All MOTs,TOTAL,All Commodities,37251337005 ,37251337006,35306129562
2015,2015,M,Ukraine,UKR,World,All CPCs,All MOTs,TOTAL,All Commodities,37516153220 ,37516153220,
2019,2019,M,Bulgaria,BGR,World,All CPCs,All MOTs,TOTAL,All Commodities,37765114126 ,37765114126,
2018,2018,M,Bulgaria,BGR,World,All CPCs,All MOTs,TOTAL,All Commodities,37927842259 ,37927842259,
2015,2015,M,Peru,PER,World,All CPCs,All MOTs,TOTAL,All Commodities,38026358883 ,38026358884,35959588662
2015,2015,M,Morocco,MAR,World,All CPCs,All MOTs,TOTAL,All Commodities,38145589424 ,38145589424,
2019,2019,M,Slovenia,SVN,World,All CPCs,All MOTs,TOTAL,All Commodities,38162054184 ,38162054185,
2019,2019,M,Kazakhstan,KAZ,World,All CPCs,All MOTs,TOTAL,All Commodities,38356657543 ,38356657544,
2018,2018,M,Belarus,BLR,World,All CPCs,All MOTs,TOTAL,All Commodities,38408911900 ,38408911900,
2016,2016,M,Ukraine,UKR,World,All CPCs,All MOTs,TOTAL,All Commodities,39249626345 ,39249626345,
2019,2019,M,Belarus,BLR,World,All CPCs,All MOTs,TOTAL,All Commodities,39476679200 ,39476679200,
2017,2017,M,Peru,PER,World,All CPCs,All MOTs,TOTAL,All Commodities,39763913902 ,39763913902,37792682851
2015,2015,M,Iran,IRN,World,All CPCs,All MOTs,TOTAL,All Commodities,40037159161 ,40037159161,
2017,2017,M,New Zealand,NZL,World,All CPCs,All MOTs,TOTAL,All Commodities,40128439163 ,40128439163,38306078735
2018,2018,M,Iran,IRN,World,All CPCs,All MOTs,TOTAL,All Commodities,41236168450 ,41236168450,
2016,2016,M,Morocco,MAR,World,All CPCs,All MOTs,TOTAL,All Commodities,41696101721 ,41696101721,
2019,2019,M,New Zealand,NZL,World,All CPCs,All MOTs,TOTAL,All Commodities,42271276496 ,42271276496,40493516397
2019,2019,M,Peru,PER,World,All CPCs,All MOTs,TOTAL,All Commodities,42376434141 ,42376434141,40170252900
2016,2016,M,Iran,IRN,World,All CPCs,All MOTs,TOTAL,All Commodities,42702117908 ,42702117908,
2018,2018,M,Nigeria,NGA,World,All CPCs,All MOTs,TOTAL,All Commodities,43011523214 ,43011523215,
2018,2018,M,Peru,PER,World,All CPCs,All MOTs,TOTAL,All Commodities,43142519807 ,43142519807,41069061168
2018,2018,M,New Zealand,NZL,World,All CPCs,All MOTs,TOTAL,All Commodities,43736245673 ,43736245674,
2015,2015,M,Pakistan,PAK,World,All CPCs,All MOTs,TOTAL,All Commodities,43989644709 ,43989644709,
2016,2016,M,Colombia,COL,World,All CPCs,All MOTs,TOTAL,All Commodities,44831142874 ,44831142874,
2017,2017,M,Morocco,MAR,World,All CPCs,All MOTs,TOTAL,All Commodities,45039093063 ,45039093064,
2020,2020,M,Pakistan,PAK,World,All CPCs,All MOTs,TOTAL,All Commodities,45775135124 ,45775135124,0
2017,2017,M,Colombia,COL,World,All CPCs,All MOTs,TOTAL,All Commodities,46050188812 ,46050188813,43951501737
2017,2017,M,Algeria,DZA,World,All CPCs,All MOTs,TOTAL,All Commodities,46053015989 ,46053015989,
2016,2016,M,Pakistan,PAK,World,All CPCs,All MOTs,TOTAL,All Commodities,46998269105 ,46998269105,
2016,2016,M,Algeria,DZA,World,All CPCs,All MOTs,TOTAL,All Commodities,47090683586 ,47090683586,
2015,2015,M,Greece,GRC,World,All CPCs,All MOTs,TOTAL,All Commodities,47263979668 ,47263979668,
2019,2019,M,Nigeria,NGA,World,All CPCs,All MOTs,TOTAL,All Commodities,47369076912 ,47369076912,
2016,2016,M,Greece,GRC,World,All CPCs,All MOTs,TOTAL,All Commodities,47595035419 ,47595035419,
2015,2015,M,Bangladesh,BGD,World,All CPCs,All MOTs,TOTAL,All Commodities,48058710041 ,48058710041,
2019,2019,M,Argentina,ARG,World,All CPCs,All MOTs,TOTAL,All Commodities,49125029975 ,49125029976,46928338267
2017,2017,M,Ukraine,UKR,World,All CPCs,All MOTs,TOTAL,All Commodities,49439155766 ,49439155766,
2019,2019,M,Pakistan,PAK,World,All CPCs,All MOTs,TOTAL,All Commodities,50063059560 ,50063059560,
2019,2019,M,Morocco,MAR,World,All CPCs,All MOTs,TOTAL,All Commodities,51074849808 ,51074849809,
2018,2018,M,Colombia,COL,World,All CPCs,All MOTs,TOTAL,All Commodities,51230566648 ,51230566648,48944670981
2018,2018,M,Morocco,MAR,World,All CPCs,All MOTs,TOTAL,All Commodities,51298958639 ,51298958640,
2017,2017,M,Iran,IRN,World,All CPCs,All MOTs,TOTAL,All Commodities,51612276867 ,51612276867,
2015,2015,M,Algeria,DZA,World,All CPCs,All MOTs,TOTAL,All Commodities,51803071085 ,51803071085,
2019,2019,M,Colombia,COL,World,All CPCs,All MOTs,TOTAL,All Commodities,52695881703 ,52695881704,50264075073
2015,2015,M,Colombia,COL,World,All CPCs,All MOTs,TOTAL,All Commodities,54035533653 ,54035533653,
2017,2017,M,Greece,GRC,World,All CPCs,All MOTs,TOTAL,All Commodities,55300597553 ,55300597553,
2020,2020,M,Greece,GRC,World,All CPCs,All MOTs,TOTAL,All Commodities,55533637799 ,55533637799,0
2016,2016,M,Argentina,ARG,World,All CPCs,All MOTs,TOTAL,All Commodities,55910810438 ,55910810438,53602464964
2018,2018,M,Ukraine,UKR,World,All CPCs,All MOTs,TOTAL,All Commodities,57187093429 ,57187093430,
2017,2017,M,Pakistan,PAK,World,All CPCs,All MOTs,TOTAL,All Commodities,57440012500 ,57440012501,
2016,2016,M,Chile,CHL,World,All CPCs,All MOTs,TOTAL,All Commodities,58760906357 ,58760906358,55272414148
2018,2018,M,Pakistan,PAK,World,All CPCs,All MOTs,TOTAL,All Commodities,60162862445 ,60162862446,
2015,2015,M,Finland,FIN,World,All CPCs,All MOTs,TOTAL,All Commodities,60174387730 ,60174387730,
2015,2015,M,Argentina,ARG,World,All CPCs,All MOTs,TOTAL,All Commodities,60202843498 ,60202843499,57679401972
2020,2020,M,Egypt,EGY,World,All CPCs,All MOTs,TOTAL,All Commodities,60279553520 ,60279553520,0
2016,2016,M,Finland,FIN,World,All CPCs,All MOTs,TOTAL,All Commodities,60501949554 ,60501949554,
2015,2015,M,Israel,ISR,World,All CPCs,All MOTs,TOTAL,All Commodities,62067788000 ,62067788000,
2019,2019,M,Greece,GRC,World,All CPCs,All MOTs,TOTAL,All Commodities,62198045283 ,62198045283,
2015,2015,M,Chile,CHL,World,All CPCs,All MOTs,TOTAL,All Commodities,62386716957 ,62386716957,58607849569
2017,2017,M,Chile,CHL,World,All CPCs,All MOTs,TOTAL,All Commodities,65061731101 ,65061731101,61306947995
2018,2018,M,Greece,GRC,World,All CPCs,All MOTs,TOTAL,All Commodities,65141447585 ,65141447585,
2018,2018,M,Argentina,ARG,World,All CPCs,All MOTs,TOTAL,All Commodities,65440966165 ,65440966166,62485922761
2016,2016,M,Israel,ISR,World,All CPCs,All MOTs,TOTAL,All Commodities,65802693000 ,65802693000,
2017,2017,M,Egypt,EGY,World,All CPCs,All MOTs,TOTAL,All Commodities,66763869710 ,66763869711,
2017,2017,M,Argentina,ARG,World,All CPCs,All MOTs,TOTAL,All Commodities,66899299586 ,66899299587,63971043719
2015,2015,M,Portugal,PRT,World,All CPCs,All MOTs,TOTAL,All Commodities,66909182383 ,66909182384,
2020,2020,M,Finland,FIN,World,All CPCs,All MOTs,TOTAL,All Commodities,67868734887 ,67868734887,0
2016,2016,M,Portugal,PRT,World,All CPCs,All MOTs,TOTAL,All Commodities,67952834136 ,67952834137,
2020,2020,M,South Africa,ZAF,World,All CPCs,All MOTs,TOTAL,All Commodities,68943156587 ,,68943156588
2017,2017,M,Israel,ISR,World,All CPCs,All MOTs,TOTAL,All Commodities,69115976000 ,69115976000,
2019,2019,M,Chile,CHL,World,All CPCs,All MOTs,TOTAL,All Commodities,69591297855 ,69591297856,65501198947
2015,2015,M,Romania,ROU,World,All CPCs,All MOTs,TOTAL,All Commodities,69857682405 ,69857682405,
2017,2017,M,Finland,FIN,World,All CPCs,All MOTs,TOTAL,All Commodities,70100319875 ,70100319875,
2015,2015,M,Philippines,PHL,World,All CPCs,All MOTs,TOTAL,All Commodities,70153466327 ,70153466327,
2020,2020,M,Israel,ISR,World,All CPCs,All MOTs,TOTAL,All Commodities,70162157000 ,70162157000,
2016,2016,M,Egypt,EGY,World,All CPCs,All MOTs,TOTAL,All Commodities,70649458498 ,70649458498,
2016,2016,M,Norway,NOR,World,All CPCs,All MOTs,TOTAL,All Commodities,72809787770 ,72809787770,
2015,2015,M,Slovakia,SVK,World,All CPCs,All MOTs,TOTAL,All Commodities,73053050320 ,73053050321,71462385375
2019,2019,M,Finland,FIN,World,All CPCs,All MOTs,TOTAL,All Commodities,73719857019 ,73719857019,
2015,2015,M,Egypt,EGY,World,All CPCs,All MOTs,TOTAL,All Commodities,73975173536 ,73975173536,
2018,2018,M,Chile,CHL,World,All CPCs,All MOTs,TOTAL,All Commodities,74187323277 ,74187323278,
2016,2016,M,Romania,ROU,World,All CPCs,All MOTs,TOTAL,All Commodities,74604616829 ,74604616829,
2016,2016,M,Slovakia,SVK,World,All CPCs,All MOTs,TOTAL,All Commodities,74920610772 ,74920610773,
2016,2016,M,South Africa,ZAF,World,All CPCs,All MOTs,TOTAL,All Commodities,75149135298 ,,75149135298
2015,2015,M,Norway,NOR,World,All CPCs,All MOTs,TOTAL,All Commodities,76399025807 ,76399025808,
2019,2019,M,Israel,ISR,World,All CPCs,All MOTs,TOTAL,All Commodities,76578559000 ,76578559000,
2018,2018,M,Israel,ISR,World,All CPCs,All MOTs,TOTAL,All Commodities,76584110000 ,76584110000,
2020,2020,M,Portugal,PRT,World,All CPCs,All MOTs,TOTAL,All Commodities,77487040976 ,77487040977,
2015,2015,M,Ireland,IRL,World,All CPCs,All MOTs,TOTAL,All Commodities,77795266456 ,77795266456,
2018,2018,M,Finland,FIN,World,All CPCs,All MOTs,TOTAL,All Commodities,78352161411 ,78352161412,
2019,2019,M,Egypt,EGY,World,All CPCs,All MOTs,TOTAL,All Commodities,78657517973 ,78657517973,
2017,2017,M,Portugal,PRT,World,All CPCs,All MOTs,TOTAL,All Commodities,78746119203 ,78746119204,
2017,2017,M,Slovakia,SVK,World,All CPCs,All MOTs,TOTAL,All Commodities,81935090097 ,81935090098,
2016,2016,M,Ireland,IRL,World,All CPCs,All MOTs,TOTAL,All Commodities,82028942307 ,82028942307,
2018,2018,M,Egypt,EGY,World,All CPCs,All MOTs,TOTAL,All Commodities,82444514414 ,82444514415,
2017,2017,M,South Africa,ZAF,World,All CPCs,All MOTs,TOTAL,All Commodities,83086880674 ,,83086880674
2016,2016,M,Denmark,DNK,World,All CPCs,All MOTs,TOTAL,All Commodities,84427760620 ,84427760620,
2017,2017,M,Romania,ROU,World,All CPCs,All MOTs,TOTAL,All Commodities,85318177451 ,85318177451,
2015,2015,M,Denmark,DNK,World,All CPCs,All MOTs,TOTAL,All Commodities,85327361281 ,85327361281,
2015,2015,M,South Africa,ZAF,World,All CPCs,All MOTs,TOTAL,All Commodities,85510966342 ,,85510966343
2017,2017,M,Norway,NOR,World,All CPCs,All MOTs,TOTAL,All Commodities,85525862977 ,85525862977,
2016,2016,M,Philippines,PHL,World,All CPCs,All MOTs,TOTAL,All Commodities,85908572116 ,85908572116,
2019,2019,M,Norway,NOR,World,All CPCs,All MOTs,TOTAL,All Commodities,86144982447 ,86144982448,
2017,2017,M,Ireland,IRL,World,All CPCs,All MOTs,TOTAL,All Commodities,86813054664 ,86813054665,
2018,2018,M,Norway,NOR,World,All CPCs,All MOTs,TOTAL,All Commodities,87434996146 ,87434996146,
2019,2019,M,South Africa,ZAF,World,All CPCs,All MOTs,TOTAL,All Commodities,88037490927 ,,88037490928
2019,2019,M,Portugal,PRT,World,All CPCs,All MOTs,TOTAL,All Commodities,89541379731 ,89541379731,
2015,2015,M,Hungary,HUN,World,All CPCs,All MOTs,TOTAL,All Commodities,90760850877 ,90760850877,
2019,2019,M,Slovakia,SVK,World,All CPCs,All MOTs,TOTAL,All Commodities,90908108589 ,90908108589,88715866414
2017,2017,M,Denmark,DNK,World,All CPCs,All MOTs,TOTAL,All Commodities,92117788022 ,92117788023,
2016,2016,M,Hungary,HUN,World,All CPCs,All MOTs,TOTAL,All Commodities,92209667137 ,92209667137,
2018,2018,M,South Africa,ZAF,World,All CPCs,All MOTs,TOTAL,All Commodities,92636961890 ,,92636961891
2018,2018,M,Slovakia,SVK,World,All CPCs,All MOTs,TOTAL,All Commodities,92952834583 ,92952834583,90673778040
2018,2018,M,Portugal,PRT,World,All CPCs,All MOTs,TOTAL,All Commodities,95629298715 ,95629298715,
2020,2020,M,Denmark,DNK,World,All CPCs,All MOTs,TOTAL,All Commodities,95993415086 ,95993415087,
2019,2019,M,Romania,ROU,World,All CPCs,All MOTs,TOTAL,All Commodities,96644318708 ,96644318709,
2019,2019,M,Denmark,DNK,World,All CPCs,All MOTs,TOTAL,All Commodities,97209693724 ,97209693724,
2020,2020,M,Ireland,IRL,World,All CPCs,All MOTs,TOTAL,All Commodities,97524587378 ,97524587378,0
2018,2018,M,Romania,ROU,World,All CPCs,All MOTs,TOTAL,All Commodities,97877632897 ,97877632898,
2019,2019,M,Ireland,IRL,World,All CPCs,All MOTs,TOTAL,All Commodities,101000000000 ,1.01E+11,
2018,2018,M,Denmark,DNK,World,All CPCs,All MOTs,TOTAL,All Commodities,102000000000 ,1.02E+11,
2017,2017,M,Philippines,PHL,World,All CPCs,All MOTs,TOTAL,All Commodities,102000000000 ,1.02E+11,
2017,2017,M,Hungary,HUN,World,All CPCs,All MOTs,TOTAL,All Commodities,104000000000 ,1.04E+11,
2018,2018,M,Ireland,IRL,World,All CPCs,All MOTs,TOTAL,All Commodities,107000000000 ,1.07E+11,
2020,2020,M,Hungary,HUN,World,All CPCs,All MOTs,TOTAL,All Commodities,113000000000 ,1.13E+11,0
2018,2018,M,Philippines,PHL,World,All CPCs,All MOTs,TOTAL,All Commodities,115000000000 ,1.15E+11,1.09E+11
2018,2018,M,Hungary,HUN,World,All CPCs,All MOTs,TOTAL,All Commodities,117000000000 ,1.17E+11,
2019,2019,M,Hungary,HUN,World,All CPCs,All MOTs,TOTAL,All Commodities,117000000000 ,1.17E+11,
2019,2019,M,Philippines,PHL,World,All CPCs,All MOTs,TOTAL,All Commodities,117000000000 ,1.17E+11,
2017,2017,M,Saudi Arabia,SAU,World,All CPCs,All MOTs,TOTAL,All Commodities,135000000000 ,1.35E+11,
2018,2018,M,Saudi Arabia,SAU,World,All CPCs,All MOTs,TOTAL,All Commodities,135000000000 ,1.35E+11,
2016,2016,M,Indonesia,IDN,World,All CPCs,All MOTs,TOTAL,All Commodities,136000000000 ,1.36E+11,
2016,2016,M,Brazil,BRA,World,All CPCs,All MOTs,TOTAL,All Commodities,138000000000 ,1.38E+11,
2015,2015,M,Sweden,SWE,World,All CPCs,All MOTs,TOTAL,All Commodities,138000000000 ,1.38E+11,
2016,2016,M,Saudi Arabia,SAU,World,All CPCs,All MOTs,TOTAL,All Commodities,140000000000 ,1.40E+11,
2015,2015,M,Czechia,CZE,World,All CPCs,All MOTs,TOTAL,All Commodities,141000000000 ,1.41E+11,
2016,2016,M,Sweden,SWE,World,All CPCs,All MOTs,TOTAL,All Commodities,141000000000 ,1.41E+11,
2016,2016,M,Czechia,CZE,World,All CPCs,All MOTs,TOTAL,All Commodities,142000000000 ,1.42E+11,
2015,2015,M,Indonesia,IDN,World,All CPCs,All MOTs,TOTAL,All Commodities,143000000000 ,1.43E+11,
2019,2019,M,Saudi Arabia,SAU,World,All CPCs,All MOTs,TOTAL,All Commodities,144000000000 ,1.44E+11,
2015,2015,M,Austria,AUT,World,All CPCs,All MOTs,TOTAL,All Commodities,148000000000 ,1.48E+11,
2016,2016,M,Austria,AUT,World,All CPCs,All MOTs,TOTAL,All Commodities,150000000000 ,1.50E+11,
2017,2017,M,Brazil,BRA,World,All CPCs,All MOTs,TOTAL,All Commodities,151000000000 ,,1.51E+11
2017,2017,M,Sweden,SWE,World,All CPCs,All MOTs,TOTAL,All Commodities,154000000000 ,1.54E+11,
2017,2017,M,Indonesia,IDN,World,All CPCs,All MOTs,TOTAL,All Commodities,157000000000 ,1.57E+11,
2019,2019,M,Sweden,SWE,World,All CPCs,All MOTs,TOTAL,All Commodities,159000000000 ,1.59E+11,
2017,2017,M,Czechia,CZE,World,All CPCs,All MOTs,TOTAL,All Commodities,163000000000 ,1.63E+11,1.58E+11
2017,2017,M,Austria,AUT,World,All CPCs,All MOTs,TOTAL,All Commodities,166000000000 ,1.66E+11,
2015,2015,M,Viet Nam,VNM,World,All CPCs,All MOTs,TOTAL,All Commodities,166000000000 ,1.66E+11,
2016,2016,M,Malaysia,MYS,World,All CPCs,All MOTs,TOTAL,All Commodities,168000000000 ,1.68E+11,
2020,2020,M,Czechia,CZE,World,All CPCs,All MOTs,TOTAL,All Commodities,169000000000 ,1.69E+11,1.63E+11
2018,2018,M,Sweden,SWE,World,All CPCs,All MOTs,TOTAL,All Commodities,171000000000 ,1.71E+11,
2015,2015,M,Brazil,BRA,World,All CPCs,All MOTs,TOTAL,All Commodities,171000000000 ,1.71E+11,
2019,2019,M,Indonesia,IDN,World,All CPCs,All MOTs,TOTAL,All Commodities,171000000000 ,1.71E+11,
2015,2015,M,Saudi Arabia,SAU,World,All CPCs,All MOTs,TOTAL,All Commodities,175000000000 ,1.75E+11,
2016,2016,M,Viet Nam,VNM,World,All CPCs,All MOTs,TOTAL,All Commodities,175000000000 ,1.75E+11,
2015,2015,M,Malaysia,MYS,World,All CPCs,All MOTs,TOTAL,All Commodities,176000000000 ,1.76E+11,
2019,2019,M,Austria,AUT,World,All CPCs,All MOTs,TOTAL,All Commodities,177000000000 ,1.77E+11,
2019,2019,M,Brazil,BRA,World,All CPCs,All MOTs,TOTAL,All Commodities,177000000000 ,,1.77E+11
2019,2019,M,Czechia,CZE,World,All CPCs,All MOTs,TOTAL,All Commodities,179000000000 ,1.79E+11,1.74E+11
2018,2018,M,Brazil,BRA,World,All CPCs,All MOTs,TOTAL,All Commodities,181000000000 ,,1.81E+11
2015,2015,M,Russian Federation,RUS,World,All CPCs,All MOTs,TOTAL,All Commodities,183000000000 ,1.83E+11,
2018,2018,M,Austria,AUT,World,All CPCs,All MOTs,TOTAL,All Commodities,184000000000 ,1.84E+11,
2018,2018,M,Czechia,CZE,World,All CPCs,All MOTs,TOTAL,All Commodities,185000000000 ,1.85E+11,1.80E+11
2018,2018,M,Indonesia,IDN,World,All CPCs,All MOTs,TOTAL,All Commodities,189000000000 ,1.89E+11,
2016,2016,M,Australia,AUS,World,All CPCs,All MOTs,TOTAL,All Commodities,189000000000 ,1.89E+11,
2016,2016,M,Poland,POL,World,All CPCs,All MOTs,TOTAL,All Commodities,189000000000 ,1.89E+11,
2015,2015,M,Poland,POL,World,All CPCs,All MOTs,TOTAL,All Commodities,190000000000 ,1.90E+11,
2017,2017,M,Malaysia,MYS,World,All CPCs,All MOTs,TOTAL,All Commodities,194000000000 ,1.94E+11,
2016,2016,M,Thailand,THA,World,All CPCs,All MOTs,TOTAL,All Commodities,194000000000 ,1.94E+11,
2016,2016,M,Turkey,TUR,World,All CPCs,All MOTs,TOTAL,All Commodities,199000000000 ,1.99E+11,
2015,2015,M,Australia,AUS,World,All CPCs,All MOTs,TOTAL,All Commodities,200000000000 ,2.00E+11,
2015,2015,M,Thailand,THA,World,All CPCs,All MOTs,TOTAL,All Commodities,203000000000 ,2.03E+11,
2019,2019,M,Malaysia,MYS,World,All CPCs,All MOTs,TOTAL,All Commodities,205000000000 ,2.05E+11,
2016,2016,M,Russian Federation,RUS,World,All CPCs,All MOTs,TOTAL,All Commodities,207000000000 ,2.07E+11,
2015,2015,M,Turkey,TUR,World,All CPCs,All MOTs,TOTAL,All Commodities,207000000000 ,2.07E+11,
2019,2019,M,Turkey,TUR,World,All CPCs,All MOTs,TOTAL,All Commodities,210000000000 ,2.10E+11,2.00E+11
2017,2017,M,Viet Nam,VNM,World,All CPCs,All MOTs,TOTAL,All Commodities,213000000000 ,2.13E+11,
2018,2018,M,Malaysia,MYS,World,All CPCs,All MOTs,TOTAL,All Commodities,217000000000 ,2.17E+11,
2019,2019,M,Thailand,THA,World,All CPCs,All MOTs,TOTAL,All Commodities,217000000000 ,2.17E+11,
2017,2017,M,Poland,POL,World,All CPCs,All MOTs,TOTAL,All Commodities,218000000000 ,2.18E+11,
2019,2019,M,Australia,AUS,World,All CPCs,All MOTs,TOTAL,All Commodities,221000000000 ,2.21E+11,
2017,2017,M,Thailand,THA,World,All CPCs,All MOTs,TOTAL,All Commodities,222000000000 ,2.22E+11,
2018,2018,M,Turkey,TUR,World,All CPCs,All MOTs,TOTAL,All Commodities,223000000000 ,2.23E+11,
2017,2017,M,Australia,AUS,World,All CPCs,All MOTs,TOTAL,All Commodities,229000000000 ,2.29E+11,2.21E+11
2015,2015,M,"Other Asia, nes",S19,World,All CPCs,All MOTs,TOTAL,All Commodities,229000000000 ,2.29E+11,
2016,2016,M,"Other Asia, nes",S19,World,All CPCs,All MOTs,TOTAL,All Commodities,231000000000 ,2.31E+11,
2017,2017,M,Turkey,TUR,World,All CPCs,All MOTs,TOTAL,All Commodities,234000000000 ,2.34E+11,
2018,2018,M,Australia,AUS,World,All CPCs,All MOTs,TOTAL,All Commodities,236000000000 ,2.36E+11,2.27E+11
2018,2018,M,Viet Nam,VNM,World,All CPCs,All MOTs,TOTAL,All Commodities,237000000000 ,2.37E+11,
2018,2018,M,Russian Federation,RUS,World,All CPCs,All MOTs,TOTAL,All Commodities,240000000000 ,2.40E+11,
2018,2018,M,United Arab Emirates,ARE,World,All CPCs,All MOTs,TOTAL,All Commodities,245000000000 ,2.45E+11,
2019,2019,M,Poland,POL,World,All CPCs,All MOTs,TOTAL,All Commodities,247000000000 ,2.47E+11,
2019,2019,M,Russian Federation,RUS,World,All CPCs,All MOTs,TOTAL,All Commodities,247000000000 ,2.47E+11,
2018,2018,M,Thailand,THA,World,All CPCs,All MOTs,TOTAL,All Commodities,249000000000 ,2.49E+11,
2015,2015,M,Switzerland,CHE,World,All CPCs,All MOTs,TOTAL,All Commodities,253000000000 ,2.53E+11,
2019,2019,M,Viet Nam,VNM,World,All CPCs,All MOTs,TOTAL,All Commodities,253000000000 ,2.53E+11,
2017,2017,M,United Arab Emirates,ARE,World,All CPCs,All MOTs,TOTAL,All Commodities,258000000000 ,2.58E+11,
2017,2017,M,"Other Asia, nes",S19,World,All CPCs,All MOTs,TOTAL,All Commodities,260000000000 ,2.60E+11,
2017,2017,M,Russian Federation,RUS,World,All CPCs,All MOTs,TOTAL,All Commodities,260000000000 ,2.60E+11,
2018,2018,M,Poland,POL,World,All CPCs,All MOTs,TOTAL,All Commodities,268000000000 ,2.68E+11,
2017,2017,M,Switzerland,CHE,World,All CPCs,All MOTs,TOTAL,All Commodities,268000000000 ,2.68E+11,
2016,2016,M,Switzerland,CHE,World,All CPCs,All MOTs,TOTAL,All Commodities,269000000000 ,2.69E+11,
2016,2016,M,United Arab Emirates,ARE,World,All CPCs,All MOTs,TOTAL,All Commodities,271000000000 ,2.71E+11,
2019,2019,M,Switzerland,CHE,World,All CPCs,All MOTs,TOTAL,All Commodities,276000000000 ,2.76E+11,
2018,2018,M,Switzerland,CHE,World,All CPCs,All MOTs,TOTAL,All Commodities,279000000000 ,2.79E+11,
2018,2018,M,"Other Asia, nes",S19,World,All CPCs,All MOTs,TOTAL,All Commodities,286000000000 ,2.86E+11,
2019,2019,M,"Other Asia, nes",S19,World,All CPCs,All MOTs,TOTAL,All Commodities,286000000000 ,2.86E+11,
2015,2015,M,United Arab Emirates,ARE,World,All CPCs,All MOTs,TOTAL,All Commodities,287000000000 ,2.87E+11,
2019,2019,M,United Arab Emirates,ARE,World,All CPCs,All MOTs,TOTAL,All Commodities,288000000000 ,2.88E+11,
2020,2020,M,Switzerland,CHE,World,All CPCs,All MOTs,TOTAL,All Commodities,290000000000 ,2.90E+11,
2016,2016,M,Singapore,SGP,World,All CPCs,All MOTs,TOTAL,All Commodities,292000000000 ,2.92E+11,
2020,2020,M,Belgium,BEL,World,All CPCs,All MOTs,TOTAL,All Commodities,301000000000 ,3.01E+11,0
2016,2016,M,Spain,ESP,World,All CPCs,All MOTs,TOTAL,All Commodities,303000000000 ,3.03E+11,
2015,2015,M,Spain,ESP,World,All CPCs,All MOTs,TOTAL,All Commodities,305000000000 ,3.05E+11,
2015,2015,M,Singapore,SGP,World,All CPCs,All MOTs,TOTAL,All Commodities,308000000000 ,3.08E+11,
2017,2017,M,Singapore,SGP,World,All CPCs,All MOTs,TOTAL,All Commodities,328000000000 ,3.28E+11,
2017,2017,M,Spain,ESP,World,All CPCs,All MOTs,TOTAL,All Commodities,341000000000 ,3.41E+11,
2016,2016,M,India,IND,World,All CPCs,All MOTs,TOTAL,All Commodities,357000000000 ,3.57E+11,
2019,2019,M,Singapore,SGP,World,All CPCs,All MOTs,TOTAL,All Commodities,359000000000 ,3.59E+11,
2018,2018,M,Singapore,SGP,World,All CPCs,All MOTs,TOTAL,All Commodities,371000000000 ,3.71E+11,
2015,2015,M,Belgium,BEL,World,All CPCs,All MOTs,TOTAL,All Commodities,371000000000 ,3.71E+11,
2019,2019,M,Spain,ESP,World,All CPCs,All MOTs,TOTAL,All Commodities,375000000000 ,3.75E+11,
2016,2016,M,Belgium,BEL,World,All CPCs,All MOTs,TOTAL,All Commodities,379000000000 ,3.79E+11,
2016,2016,M,Mexico,MEX,World,All CPCs,All MOTs,TOTAL,All Commodities,387000000000 ,,3.87E+11
2018,2018,M,Spain,ESP,World,All CPCs,All MOTs,TOTAL,All Commodities,391000000000 ,3.91E+11,
2015,2015,M,India,IND,World,All CPCs,All MOTs,TOTAL,All Commodities,391000000000 ,3.91E+11,
2015,2015,M,Mexico,MEX,World,All CPCs,All MOTs,TOTAL,All Commodities,395000000000 ,,3.95E+11
2016,2016,M,Canada,CAN,World,All CPCs,All MOTs,TOTAL,All Commodities,403000000000 ,4.03E+11,
2020,2020,M,Canada,CAN,World,All CPCs,All MOTs,TOTAL,All Commodities,405000000000 ,0,4.05E+11
2016,2016,M,Rep. of Korea,KOR,World,All CPCs,All MOTs,TOTAL,All Commodities,406000000000 ,4.06E+11,
2016,2016,M,Italy,ITA,World,All CPCs,All MOTs,TOTAL,All Commodities,407000000000 ,4.07E+11,
2016,2016,M,Netherlands,NLD,World,All CPCs,All MOTs,TOTAL,All Commodities,408000000000 ,4.08E+11,
2017,2017,M,Belgium,BEL,World,All CPCs,All MOTs,TOTAL,All Commodities,409000000000 ,4.09E+11,
2015,2015,M,Italy,ITA,World,All CPCs,All MOTs,TOTAL,All Commodities,411000000000 ,4.11E+11,
2015,2015,M,Netherlands,NLD,World,All CPCs,All MOTs,TOTAL,All Commodities,413000000000 ,4.13E+11,
2017,2017,M,Mexico,MEX,World,All CPCs,All MOTs,TOTAL,All Commodities,420000000000 ,4.20E+11,
2015,2015,M,Canada,CAN,World,All CPCs,All MOTs,TOTAL,All Commodities,420000000000 ,4.20E+11,
2020,2020,M,Italy,ITA,World,All CPCs,All MOTs,TOTAL,All Commodities,423000000000 ,4.23E+11,0
2019,2019,M,Belgium,BEL,World,All CPCs,All MOTs,TOTAL,All Commodities,426000000000 ,4.26E+11,
2017,2017,M,Canada,CAN,World,All CPCs,All MOTs,TOTAL,All Commodities,432000000000 ,,4.32E+11
2015,2015,M,Rep. of Korea,KOR,World,All CPCs,All MOTs,TOTAL,All Commodities,436000000000 ,4.36E+11,
2017,2017,M,India,IND,World,All CPCs,All MOTs,TOTAL,All Commodities,444000000000 ,4.44E+11,
2017,2017,M,Italy,ITA,World,All CPCs,All MOTs,TOTAL,All Commodities,451000000000 ,4.51E+11,
2019,2019,M,Canada,CAN,World,All CPCs,All MOTs,TOTAL,All Commodities,453000000000 ,,4.53E+11
2018,2018,M,Belgium,BEL,World,All CPCs,All MOTs,TOTAL,All Commodities,455000000000 ,4.55E+11,
2019,2019,M,Mexico,MEX,World,All CPCs,All MOTs,TOTAL,All Commodities,455000000000 ,,4.55E+11
2018,2018,M,Canada,CAN,World,All CPCs,All MOTs,TOTAL,All Commodities,459000000000 ,4.59E+11,
2017,2017,M,Netherlands,NLD,World,All CPCs,All MOTs,TOTAL,All Commodities,462000000000 ,4.62E+11,
2018,2018,M,Mexico,MEX,World,All CPCs,All MOTs,TOTAL,All Commodities,464000000000 ,,4.64E+11
2019,2019,M,Italy,ITA,World,All CPCs,All MOTs,TOTAL,All Commodities,475000000000 ,4.75E+11,
2017,2017,M,Rep. of Korea,KOR,World,All CPCs,All MOTs,TOTAL,All Commodities,478000000000 ,4.78E+11,
2019,2019,M,India,IND,World,All CPCs,All MOTs,TOTAL,All Commodities,479000000000 ,4.79E+11,
2020,2020,M,Netherlands,NLD,World,All CPCs,All MOTs,TOTAL,All Commodities,483000000000 ,4.83E+11,0
2019,2019,M,Rep. of Korea,KOR,World,All CPCs,All MOTs,TOTAL,All Commodities,503000000000 ,5.03E+11,
2018,2018,M,Italy,ITA,World,All CPCs,All MOTs,TOTAL,All Commodities,504000000000 ,5.04E+11,
2018,2018,M,India,IND,World,All CPCs,All MOTs,TOTAL,All Commodities,508000000000 ,5.08E+11,
2019,2019,M,Netherlands,NLD,World,All CPCs,All MOTs,TOTAL,All Commodities,515000000000 ,5.15E+11,
2018,2018,M,Netherlands,NLD,World,All CPCs,All MOTs,TOTAL,All Commodities,521000000000 ,5.21E+11,
2018,2018,M,Rep. of Korea,KOR,World,All CPCs,All MOTs,TOTAL,All Commodities,535000000000 ,5.35E+11,
2016,2016,M,"China, Hong Kong SAR",HKG,World,All CPCs,All MOTs,TOTAL,All Commodities,547000000000 ,5.47E+11,
2015,2015,M,"China, Hong Kong SAR",HKG,World,All CPCs,All MOTs,TOTAL,All Commodities,559000000000 ,5.59E+11,
2016,2016,M,France,FRA,World,All CPCs,All MOTs,TOTAL,All Commodities,561000000000 ,5.61E+11,
2015,2015,M,France,FRA,World,All CPCs,All MOTs,TOTAL,All Commodities,563000000000 ,5.63E+11,
2020,2020,M,"China, Hong Kong SAR",HKG,World,All CPCs,All MOTs,TOTAL,All Commodities,573000000000 ,5.73E+11,
2019,2019,M,"China, Hong Kong SAR",HKG,World,All CPCs,All MOTs,TOTAL,All Commodities,579000000000 ,5.79E+11,
2017,2017,M,"China, Hong Kong SAR",HKG,World,All CPCs,All MOTs,TOTAL,All Commodities,589000000000 ,5.89E+11,
2016,2016,M,Japan,JPN,World,All CPCs,All MOTs,TOTAL,All Commodities,607000000000 ,6.07E+11,
2017,2017,M,France,FRA,World,All CPCs,All MOTs,TOTAL,All Commodities,613000000000 ,6.13E+11,
2015,2015,M,Japan,JPN,World,All CPCs,All MOTs,TOTAL,All Commodities,626000000000 ,6.26E+11,
2018,2018,M,"China, Hong Kong SAR",HKG,World,All CPCs,All MOTs,TOTAL,All Commodities,627000000000 ,6.27E+11,
2015,2015,M,United Kingdom,GBR,World,All CPCs,All MOTs,TOTAL,All Commodities,630000000000 ,6.30E+11,
2020,2020,M,United Kingdom,GBR,World,All CPCs,All MOTs,TOTAL,All Commodities,631000000000 ,6.31E+11,0
2020,2020,M,Japan,JPN,World,All CPCs,All MOTs,TOTAL,All Commodities,634000000000 ,6.34E+11,
2016,2016,M,United Kingdom,GBR,World,All CPCs,All MOTs,TOTAL,All Commodities,636000000000 ,6.36E+11,
2017,2017,M,United Kingdom,GBR,World,All CPCs,All MOTs,TOTAL,All Commodities,641000000000 ,6.41E+11,
2019,2019,M,France,FRA,World,All CPCs,All MOTs,TOTAL,All Commodities,643000000000 ,6.43E+11,
2018,2018,M,France,FRA,World,All CPCs,All MOTs,TOTAL,All Commodities,659000000000 ,6.59E+11,
2017,2017,M,Japan,JPN,World,All CPCs,All MOTs,TOTAL,All Commodities,671000000000 ,6.71E+11,
2018,2018,M,United Kingdom,GBR,World,All CPCs,All MOTs,TOTAL,All Commodities,672000000000 ,6.72E+11,
2019,2019,M,United Kingdom,GBR,World,All CPCs,All MOTs,TOTAL,All Commodities,692000000000 ,6.92E+11,
2019,2019,M,Japan,JPN,World,All CPCs,All MOTs,TOTAL,All Commodities,721000000000 ,7.21E+11,
2018,2018,M,Japan,JPN,World,All CPCs,All MOTs,TOTAL,All Commodities,748000000000 ,7.48E+11,
2015,2015,M,Germany,DEU,World,All CPCs,All MOTs,TOTAL,All Commodities,1060000000000 ,1.06E+12,
2016,2016,M,Germany,DEU,World,All CPCs,All MOTs,TOTAL,All Commodities,1060000000000 ,1.06E+12,
2017,2017,M,Germany,DEU,World,All CPCs,All MOTs,TOTAL,All Commodities,1170000000000 ,1.17E+12,
2019,2019,M,Germany,DEU,World,All CPCs,All MOTs,TOTAL,All Commodities,1240000000000 ,1.24E+12,
2018,2018,M,Germany,DEU,World,All CPCs,All MOTs,TOTAL,All Commodities,1290000000000 ,1.29E+12,
2016,2016,M,China,CHN,World,All CPCs,All MOTs,TOTAL,All Commodities,1590000000000 ,1.59E+12,
2015,2015,M,China,CHN,World,All CPCs,All MOTs,TOTAL,All Commodities,1680000000000 ,1.68E+12,
2017,2017,M,China,CHN,World,All CPCs,All MOTs,TOTAL,All Commodities,1840000000000 ,1.84E+12,
2019,2019,M,China,CHN,World,All CPCs,All MOTs,TOTAL,All Commodities,2070000000000 ,2.07E+12,
2018,2018,M,China,CHN,World,All CPCs,All MOTs,TOTAL,All Commodities,2130000000000 ,2.13E+12,
2016,2016,M,USA,USA,World,All CPCs,All MOTs,TOTAL,All Commodities,2250000000000 ,2.25E+12,
2015,2015,M,USA,USA,World,All CPCs,All MOTs,TOTAL,All Commodities,2310000000000 ,2.31E+12,
2017,2017,M,USA,USA,World,All CPCs,All MOTs,TOTAL,All Commodities,2410000000000 ,2.41E+12,
2020,2020,M,USA,USA,World,All CPCs,All MOTs,TOTAL,All Commodities,2410000000000 ,2.41E+12,
2019,2019,M,USA,USA,World,All CPCs,All MOTs,TOTAL,All Commodities,2570000000000 ,2.57E+12,2.50E+12
2018,2018,M,USA,USA,World,All CPCs,All MOTs,TOTAL,All Commodities,2610000000000 ,2.61E+12,
